datetimeLocal,CO,NO2,O3,PM10,PM2.5,SO2
2021-01-01 17:15:00+05:30,900.0,71.8,67.5,,,11.1
2021-01-04 10:30:00+05:30,800.0,58.8,10.7,103.0,64.0,11.2
2021-01-04 12:00:00+05:30,900.0,73.3,27.5,135.0,99.0,8.6
2021-01-04 13:00:00+05:30,900.0,77.7,38.9,161.0,100.0,9.1
2021-01-04 14:00:00+05:30,1300.0,101.0,39.3,215.0,127.0,9.7
2021-01-04 14:15:00+05:30,1300.0,107.2,41.0,215.0,127.0,9.5
2021-01-04 14:30:00+05:30,1100.0,95.4,43.5,215.0,127.0,10.2
2021-01-04 15:00:00+05:30,1300.0,95.4,48.3,218.0,128.0,13.1
2021-01-04 15:15:00+05:30,1800.0,111.5,50.3,218.0,128.0,14.4
2021-01-04 16:45:00+05:30,,107.8,9.9,277.0,169.0,11.9
2021-01-04 18:15:00+05:30,1100.0,76.3,11.7,288.0,221.0,12.2
2021-01-04 19:00:00+05:30,600.0,40.5,31.8,174.0,147.0,9.6
2021-01-04 21:30:00+05:30,500.0,40.4,38.1,79.0,79.0,9.0
2021-01-04 23:30:00+05:30,400.0,36.1,22.7,39.0,33.0,9.1
2021-01-05 01:15:00+05:30,400.0,42.1,,44.0,34.0,8.8
2021-01-05 02:00:00+05:30,,,17.1,45.0,39.0,
2021-01-05 02:30:00+05:30,,,16.0,45.0,39.0,
2021-01-05 03:00:00+05:30,300.0,42.3,12.9,51.0,44.0,7.4
2021-01-05 05:15:00+05:30,200.0,33.0,30.8,40.0,30.0,8.1
2021-01-05 06:00:00+05:30,300.0,44.0,14.1,25.0,19.0,10.3
2021-01-05 06:30:00+05:30,400.0,49.6,10.8,25.0,19.0,10.3
2021-01-05 06:45:00+05:30,400.0,50.0,10.6,35.0,33.0,10.5
2021-01-05 07:15:00+05:30,500.0,50.6,8.4,35.0,33.0,10.9
2021-01-05 07:45:00+05:30,600.0,54.5,6.5,51.0,38.0,
2021-01-05 08:45:00+05:30,800.0,46.2,5.1,69.0,55.0,11.7
2021-01-05 09:00:00+05:30,800.0,41.8,5.8,69.0,55.0,11.2
2021-01-05 09:45:00+05:30,1200.0,48.0,6.7,85.0,69.0,10.2
2021-01-05 10:00:00+05:30,1200.0,51.0,6.8,85.0,69.0,10.5
2021-01-05 10:15:00+05:30,1200.0,51.8,6.0,85.0,69.0,11.2
2021-01-05 10:30:00+05:30,1200.0,46.3,7.9,85.0,69.0,11.1
2021-01-05 10:45:00+05:30,,51.5,8.1,103.0,86.0,11.2
2021-01-05 11:15:00+05:30,1000.0,52.7,9.4,103.0,86.0,11.0
2021-01-05 11:45:00+05:30,1000.0,58.2,12.8,117.0,97.0,
2021-01-05 13:15:00+05:30,1000.0,64.3,34.4,151.0,107.0,11.7
2021-01-05 19:30:00+05:30,900.0,61.5,5.9,134.0,106.0,11.7
2021-01-05 20:00:00+05:30,800.0,59.6,6.8,106.0,84.0,10.5
2021-01-05 22:00:00+05:30,1300.0,57.1,31.6,116.0,95.0,13.1
2021-01-05 23:15:00+05:30,1700.0,39.7,14.3,119.0,85.0,14.6
2021-01-06 01:45:00+05:30,600.0,48.1,,,,8.9
2021-01-06 02:00:00+05:30,,,7.1,102.0,79.0,
2021-01-06 02:15:00+05:30,,,5.8,102.0,79.0,
2021-01-06 03:45:00+05:30,700.0,36.3,4.8,108.0,92.0,
2021-01-06 04:45:00+05:30,,38.7,5.7,114.0,90.0,10.1
2021-01-06 05:15:00+05:30,1100.0,31.6,5.7,114.0,90.0,9.9
2021-01-06 05:30:00+05:30,1100.0,32.5,6.7,114.0,90.0,11.3
2021-01-06 06:15:00+05:30,1500.0,31.5,30.2,124.0,96.0,12.9
2021-01-06 06:30:00+05:30,1400.0,29.1,29.1,124.0,96.0,13.6
2021-01-06 07:15:00+05:30,1400.0,32.3,23.8,169.0,125.0,14.2
2021-01-06 07:30:00+05:30,1500.0,29.7,22.3,169.0,125.0,14.4
2021-01-06 07:45:00+05:30,1700.0,28.3,21.1,194.0,147.0,
2021-01-06 09:15:00+05:30,1400.0,44.8,19.0,200.0,153.0,12.2
2021-01-06 10:15:00+05:30,1000.0,68.8,16.4,182.0,155.0,10.2
2021-01-06 11:00:00+05:30,1100.0,64.0,21.1,122.0,117.0,10.2
2021-01-06 11:45:00+05:30,1700.0,63.3,22.5,152.0,146.0,
2021-01-06 13:15:00+05:30,1500.0,64.1,18.4,201.0,171.0,11.3
2021-01-06 13:30:00+05:30,1800.0,65.5,15.5,201.0,171.0,11.2
2021-01-06 15:15:00+05:30,1300.0,45.4,9.9,272.0,193.0,11.1
2021-01-06 16:00:00+05:30,1200.0,34.7,11.6,282.0,197.0,11.2
2021-01-06 18:15:00+05:30,1200.0,61.9,10.8,243.0,155.0,12.3
2021-01-06 19:00:00+05:30,1200.0,44.3,9.7,233.0,145.0,11.5
2021-01-06 19:45:00+05:30,1000.0,43.2,13.7,245.0,141.0,
2021-01-06 20:00:00+05:30,1100.0,43.7,11.4,245.0,141.0,9.9
2021-01-06 20:15:00+05:30,1000.0,36.7,9.8,245.0,141.0,9.0
2021-01-06 20:30:00+05:30,1000.0,39.3,9.4,245.0,141.0,8.4
2021-01-06 21:15:00+05:30,1000.0,30.8,6.2,256.0,147.0,8.2
2021-01-06 21:45:00+05:30,800.0,30.5,7.0,232.0,128.0,9.1
2021-01-06 23:15:00+05:30,700.0,24.1,12.3,213.0,128.0,6.9
2021-01-07 01:15:00+05:30,600.0,21.5,,234.0,139.0,9.4
2021-01-07 01:30:00+05:30,600.0,18.2,,234.0,139.0,9.8
2021-01-07 02:15:00+05:30,,,16.7,185.0,122.0,
2021-01-07 03:00:00+05:30,500.0,21.1,17.9,171.0,113.0,8.4
2021-01-07 03:15:00+05:30,500.0,22.4,18.1,171.0,113.0,8.3
2021-01-07 04:00:00+05:30,600.0,23.4,15.0,167.0,108.0,8.5
2021-01-07 04:15:00+05:30,500.0,23.6,14.2,167.0,108.0,8.5
2021-01-07 04:30:00+05:30,500.0,27.9,15.6,167.0,108.0,8.4
2021-01-07 05:15:00+05:30,500.0,26.7,14.5,161.0,111.0,7.4
2021-01-07 05:30:00+05:30,500.0,26.0,17.2,161.0,111.0,8.2
2021-01-07 07:15:00+05:30,700.0,31.3,12.4,141.0,97.0,7.5
2021-01-07 07:45:00+05:30,600.0,28.6,11.5,153.0,101.0,
2021-01-07 10:00:00+05:30,800.0,36.3,23.2,169.0,118.0,9.6
2021-01-07 13:00:00+05:30,500.0,27.5,68.0,232.0,130.0,12.0
2021-01-07 13:15:00+05:30,600.0,30.6,67.3,232.0,130.0,11.5
2021-01-07 13:30:00+05:30,600.0,28.6,73.3,232.0,130.0,12.0
2021-01-07 14:00:00+05:30,600.0,,58.9,201.0,122.0,13.4
2021-01-07 14:15:00+05:30,600.0,26.8,13.4,201.0,122.0,14.1
2021-01-07 15:15:00+05:30,600.0,33.7,29.0,204.0,119.0,12.0
2021-01-07 16:45:00+05:30,,30.5,34.8,186.0,118.0,13.0
2021-01-07 17:15:00+05:30,1000.0,46.1,21.7,186.0,118.0,13.4
2021-01-07 17:30:00+05:30,1000.0,46.8,16.9,186.0,118.0,14.2
2021-01-07 20:00:00+05:30,1600.0,54.6,6.1,197.0,125.0,13.0
2021-01-07 20:30:00+05:30,1700.0,55.2,6.8,197.0,125.0,11.4
2021-01-07 20:45:00+05:30,1700.0,45.6,6.2,233.0,147.0,11.3
2021-01-07 21:00:00+05:30,1900.0,48.7,6.5,233.0,147.0,10.8
2021-01-07 22:00:00+05:30,2200.0,42.4,6.8,245.0,152.0,11.4
2021-01-07 23:15:00+05:30,1100.0,37.9,5.5,221.0,141.0,8.9
2021-01-08 00:00:00+05:30,900.0,30.3,6.0,189.0,116.0,9.0
2021-01-08 00:30:00+05:30,700.0,27.6,7.2,189.0,116.0,8.9
2021-01-08 01:15:00+05:30,800.0,27.2,,184.0,110.0,9.1
2021-01-08 01:45:00+05:30,700.0,32.1,,,,8.7
2021-01-08 02:00:00+05:30,,,7.5,163.0,100.0,
2021-01-08 02:30:00+05:30,,,9.0,163.0,100.0,
2021-01-08 03:00:00+05:30,600.0,29.4,8.0,133.0,78.0,7.8
2021-01-08 03:30:00+05:30,600.0,27.2,11.0,133.0,78.0,7.9
2021-01-08 04:00:00+05:30,500.0,29.5,9.2,112.0,73.0,9.6
2021-01-08 04:15:00+05:30,500.0,32.3,8.3,112.0,73.0,10.0
2021-01-08 05:00:00+05:30,500.0,30.6,9.2,113.0,75.0,11.7
2021-01-08 05:15:00+05:30,500.0,31.1,10.4,113.0,75.0,11.0
2021-01-08 06:15:00+05:30,500.0,25.8,16.5,130.0,81.0,10.2
2021-01-08 06:30:00+05:30,500.0,31.9,14.2,130.0,81.0,10.5
2021-01-08 07:15:00+05:30,500.0,35.3,12.1,136.0,79.0,11.0
2021-01-08 07:30:00+05:30,500.0,35.2,14.6,136.0,79.0,10.5
2021-01-08 09:45:00+05:30,,,,210.0,124.0,
2021-01-08 10:15:00+05:30,900.0,42.7,8.7,210.0,124.0,10.2
2021-01-08 11:00:00+05:30,,,10.7,252.0,138.0,
2021-01-08 11:30:00+05:30,1000.0,44.6,,252.0,138.0,10.4
2021-01-08 11:45:00+05:30,1000.0,46.7,,248.0,144.0,
2021-01-08 12:15:00+05:30,900.0,47.3,22.1,248.0,144.0,10.1
2021-01-08 12:45:00+05:30,1000.0,55.8,22.3,280.0,175.0,10.2
2021-01-08 13:00:00+05:30,900.0,49.1,27.9,280.0,175.0,10.9
2021-01-08 14:00:00+05:30,900.0,45.8,38.5,266.0,174.0,11.2
2021-01-08 14:15:00+05:30,1000.0,43.8,42.3,266.0,174.0,11.1
2021-01-08 14:30:00+05:30,1100.0,51.3,32.4,266.0,174.0,11.5
2021-01-08 15:00:00+05:30,800.0,63.6,35.3,276.0,162.0,10.3
2021-01-08 15:15:00+05:30,800.0,50.3,33.4,276.0,162.0,9.9
2021-01-08 15:30:00+05:30,900.0,49.4,28.5,276.0,162.0,9.3
2021-01-08 16:15:00+05:30,1000.0,51.9,25.8,254.0,140.0,8.9
2021-01-08 17:15:00+05:30,1500.0,58.0,10.8,361.0,182.0,8.7
2021-01-08 18:15:00+05:30,1700.0,72.5,7.1,371.0,186.0,10.9
2021-01-08 18:30:00+05:30,1600.0,67.0,6.1,371.0,186.0,10.9
2021-01-08 20:15:00+05:30,2400.0,49.4,7.5,305.0,174.0,10.8
2021-01-08 21:30:00+05:30,1900.0,46.5,5.8,272.0,160.0,10.2
2021-01-08 22:15:00+05:30,1700.0,44.4,6.4,238.0,140.0,9.8
2021-01-08 23:15:00+05:30,1400.0,36.9,7.0,206.0,129.0,10.2
2021-01-08 23:30:00+05:30,1400.0,36.0,6.8,206.0,129.0,10.7
2021-01-09 01:30:00+05:30,800.0,47.5,,216.0,119.0,10.9
2021-01-09 01:45:00+05:30,700.0,42.7,12.9,208.0,121.0,10.4
2021-01-09 02:30:00+05:30,,,17.6,208.0,121.0,
2021-01-09 03:00:00+05:30,600.0,30.8,16.2,191.0,136.0,9.9
2021-01-09 03:15:00+05:30,600.0,33.5,17.5,191.0,136.0,9.6
2021-01-09 03:30:00+05:30,600.0,33.3,16.7,191.0,136.0,10.0
2021-01-09 04:15:00+05:30,600.0,32.3,17.5,189.0,138.0,9.4
2021-01-09 04:45:00+05:30,,29.7,15.6,172.0,128.0,9.2
2021-01-09 05:00:00+05:30,700.0,31.1,13.5,172.0,128.0,9.2
2021-01-09 05:30:00+05:30,800.0,33.7,9.6,172.0,128.0,9.2
2021-01-09 06:00:00+05:30,800.0,39.5,8.3,190.0,141.0,10.0
2021-01-09 06:15:00+05:30,900.0,39.5,7.1,190.0,141.0,9.2
2021-01-09 06:30:00+05:30,800.0,39.1,6.4,190.0,141.0,9.6
2021-01-09 07:15:00+05:30,1100.0,38.7,5.5,206.0,141.0,10.0
2021-01-09 07:30:00+05:30,1400.0,39.3,6.0,206.0,141.0,10.7
2021-01-09 08:00:00+05:30,1700.0,49.4,7.1,235.0,140.0,12.1
2021-01-09 08:15:00+05:30,1500.0,50.7,7.3,235.0,140.0,11.9
2021-01-09 10:15:00+05:30,1100.0,44.9,27.3,266.0,175.0,15.8
2021-01-09 11:15:00+05:30,1000.0,45.1,36.8,263.0,182.0,22.4
2021-01-09 11:45:00+05:30,900.0,45.2,41.4,272.0,177.0,
2021-01-09 12:30:00+05:30,1000.0,41.0,45.3,272.0,177.0,19.0
2021-01-09 13:00:00+05:30,900.0,42.9,51.8,289.0,171.0,17.6
2021-01-09 14:00:00+05:30,1000.0,48.7,58.7,293.0,180.0,17.3
2021-01-09 14:15:00+05:30,900.0,46.3,57.6,293.0,180.0,16.9
2021-01-09 14:45:00+05:30,900.0,42.2,58.7,282.0,156.0,15.3
2021-01-09 15:30:00+05:30,900.0,49.0,53.3,282.0,156.0,14.7
2021-01-09 16:00:00+05:30,900.0,50.1,45.7,276.0,139.0,14.8
2021-01-09 16:15:00+05:30,1000.0,44.4,44.5,276.0,139.0,14.3
2021-01-09 17:15:00+05:30,1100.0,55.0,34.5,263.0,136.0,12.6
2021-01-09 17:30:00+05:30,1400.0,63.3,25.1,263.0,136.0,12.6
2021-01-09 18:15:00+05:30,1400.0,69.3,15.8,285.0,157.0,12.7
2021-01-09 18:30:00+05:30,1600.0,80.6,10.7,285.0,157.0,13.7
2021-01-09 19:00:00+05:30,1900.0,68.5,7.6,276.0,163.0,14.5
2021-01-09 19:30:00+05:30,1600.0,61.4,9.3,276.0,163.0,14.0
2021-01-09 19:45:00+05:30,1700.0,66.4,8.1,279.0,180.0,
2021-01-09 20:15:00+05:30,1700.0,58.7,7.5,279.0,180.0,12.4
2021-01-09 20:30:00+05:30,1300.0,55.7,9.0,279.0,180.0,11.9
2021-01-09 21:00:00+05:30,1200.0,55.3,9.1,271.0,177.0,10.7
2021-01-09 21:15:00+05:30,1100.0,49.8,12.4,271.0,177.0,10.6
2021-01-09 22:15:00+05:30,1000.0,42.6,13.3,256.0,175.0,10.3
2021-01-09 22:45:00+05:30,,36.3,19.1,224.0,161.0,9.2
2021-01-10 01:00:00+05:30,600.0,27.5,,196.0,158.0,9.5
2021-01-10 01:15:00+05:30,600.0,26.5,,196.0,158.0,10.0
2021-01-10 02:15:00+05:30,,,30.3,179.0,145.0,
2021-01-10 02:45:00+05:30,600.0,27.8,30.3,177.0,136.0,10.2
2021-01-10 04:00:00+05:30,500.0,25.8,32.9,173.0,136.0,8.9
2021-01-10 04:30:00+05:30,500.0,28.8,29.2,173.0,136.0,7.3
2021-01-10 04:45:00+05:30,,28.6,25.9,153.0,121.0,6.5
2021-01-10 05:15:00+05:30,500.0,25.5,26.6,153.0,121.0,5.3
2021-01-10 05:30:00+05:30,500.0,27.8,23.9,153.0,121.0,6.5
2021-01-10 05:45:00+05:30,500.0,28.8,25.6,156.0,111.0,6.4
2021-01-10 06:00:00+05:30,500.0,27.6,24.1,156.0,111.0,6.9
2021-01-10 20:30:00+05:30,2100.0,59.1,8.3,593.0,172.0,10.7
2021-01-10 21:15:00+05:30,1600.0,53.6,7.6,655.0,195.0,8.7
2021-01-10 23:15:00+05:30,1100.0,45.8,6.7,460.0,171.0,8.2
2021-01-10 23:45:00+05:30,1200.0,45.0,5.4,365.0,151.0,
2021-01-11 00:45:00+05:30,1000.0,45.7,5.3,283.0,139.0,8.6
2021-01-11 01:30:00+05:30,800.0,48.8,,283.0,139.0,8.7
2021-01-11 02:15:00+05:30,,,9.9,234.0,136.0,
2021-01-11 02:45:00+05:30,800.0,43.5,15.7,233.0,146.0,7.8
2021-01-11 03:00:00+05:30,800.0,36.8,15.1,233.0,146.0,7.3
2021-01-11 03:30:00+05:30,800.0,39.2,16.4,233.0,146.0,7.5
2021-01-11 04:15:00+05:30,800.0,36.1,18.1,254.0,164.0,6.8
2021-01-11 04:30:00+05:30,800.0,38.4,17.8,254.0,164.0,7.8
2021-01-11 05:15:00+05:30,800.0,34.5,20.2,219.0,155.0,6.8
2021-01-11 06:15:00+05:30,700.0,30.7,34.6,199.0,141.0,6.0
2021-01-11 06:45:00+05:30,700.0,32.4,42.1,156.0,108.0,7.0
2021-01-11 07:00:00+05:30,700.0,33.1,41.3,156.0,108.0,6.3
2021-01-11 07:15:00+05:30,700.0,36.7,35.2,156.0,108.0,6.3
2021-01-11 07:45:00+05:30,700.0,35.8,38.3,179.0,101.0,
2021-01-11 08:00:00+05:30,700.0,36.6,35.6,179.0,101.0,8.0
2021-01-11 09:00:00+05:30,800.0,40.6,37.6,248.0,114.0,9.9
2021-01-11 09:45:00+05:30,800.0,37.3,38.8,278.0,129.0,10.4
2021-01-11 10:15:00+05:30,600.0,30.5,52.9,278.0,129.0,10.1
2021-01-11 10:45:00+05:30,,38.2,52.2,212.0,121.0,9.4
2021-01-11 11:00:00+05:30,800.0,33.0,50.7,212.0,121.0,9.7
2021-01-11 11:15:00+05:30,700.0,31.9,56.9,212.0,121.0,9.5
2021-01-11 12:15:00+05:30,600.0,36.3,70.4,216.0,118.0,9.6
2021-01-11 12:45:00+05:30,700.0,37.5,74.6,205.0,101.0,9.9
2021-01-11 13:15:00+05:30,600.0,33.1,81.1,205.0,101.0,10.6
2021-01-11 13:30:00+05:30,600.0,35.4,82.9,205.0,101.0,10.7
2021-01-11 14:30:00+05:30,600.0,34.0,85.5,206.0,95.0,10.0
2021-01-11 14:45:00+05:30,800.0,37.7,84.0,196.0,92.0,9.8
2021-01-11 16:45:00+05:30,,50.2,64.0,250.0,101.0,12.4
2021-01-11 17:15:00+05:30,800.0,60.5,52.5,250.0,,12.1
2021-01-11 18:30:00+05:30,1500.0,72.7,12.4,360.0,118.0,13.8
2021-01-11 19:00:00+05:30,1700.0,76.0,16.2,376.0,149.0,12.2
2021-01-11 19:30:00+05:30,2100.0,75.7,8.1,376.0,149.0,12.8
2021-01-12 00:00:00+05:30,1100.0,61.2,5.8,166.0,111.0,8.6
2021-01-12 01:00:00+05:30,1000.0,53.1,,180.0,113.0,8.1
2021-01-12 01:15:00+05:30,1000.0,53.4,,180.0,113.0,7.7
2021-01-12 01:30:00+05:30,1100.0,52.5,,180.0,113.0,7.8
2021-01-12 03:00:00+05:30,800.0,55.0,5.6,173.0,119.0,6.4
2021-01-12 03:30:00+05:30,800.0,52.4,5.1,173.0,119.0,6.4
2021-01-12 04:15:00+05:30,1200.0,51.7,5.5,173.0,130.0,8.3
2021-01-12 04:30:00+05:30,1000.0,47.7,5.7,173.0,130.0,8.6
2021-01-12 05:00:00+05:30,1000.0,45.9,5.8,210.0,174.0,6.9
2021-01-12 05:15:00+05:30,1100.0,46.7,6.3,210.0,174.0,7.1
2021-01-12 06:45:00+05:30,1200.0,41.0,6.4,186.0,118.0,9.5
2021-01-12 08:45:00+05:30,1500.0,53.3,10.0,344.0,208.0,11.5
2021-01-12 09:30:00+05:30,1400.0,53.1,13.7,344.0,208.0,9.5
2021-01-12 10:00:00+05:30,1300.0,46.6,18.5,331.0,212.0,11.4
2021-01-12 10:45:00+05:30,,46.0,34.0,300.0,208.0,9.0
2021-01-12 13:30:00+05:30,,,,307.0,222.0,
2021-01-12 14:45:00+05:30,1100.0,49.0,75.3,250.0,162.0,
2021-01-12 15:00:00+05:30,1000.0,,84.7,250.0,162.0,
2021-01-12 16:00:00+05:30,900.0,45.6,82.0,217.0,121.0,9.3
2021-01-12 16:30:00+05:30,1000.0,45.4,74.5,217.0,121.0,11.3
2021-01-12 17:15:00+05:30,1400.0,77.3,35.6,211.0,116.0,11.0
2021-01-12 18:15:00+05:30,1800.0,101.7,12.3,374.0,129.0,11.8
2021-01-12 18:30:00+05:30,1900.0,118.0,8.7,374.0,129.0,12.2
2021-01-12 19:15:00+05:30,2900.0,98.8,7.2,269.0,157.0,14.0
2021-01-12 20:00:00+05:30,4400.0,87.2,9.5,295.0,196.0,15.8
2021-01-12 20:15:00+05:30,4400.0,89.3,10.4,295.0,196.0,15.2
2021-01-12 21:15:00+05:30,5700.0,81.6,14.2,451.0,295.0,19.4
2021-01-12 22:15:00+05:30,6100.0,65.0,15.4,596.0,411.0,18.1
2021-01-12 22:30:00+05:30,6000.0,63.7,14.0,596.0,411.0,19.7
2021-01-12 23:00:00+05:30,5000.0,58.1,14.0,564.0,406.0,18.6
2021-01-12 23:45:00+05:30,4600.0,44.3,13.2,522.0,370.0,
2021-01-13 00:15:00+05:30,4000.0,52.7,11.7,522.0,370.0,15.2
2021-01-13 01:30:00+05:30,2200.0,50.7,,538.0,392.0,10.1
2021-01-13 02:15:00+05:30,,,9.6,450.0,371.0,
2021-01-13 03:00:00+05:30,2100.0,38.8,10.3,368.0,315.0,9.7
2021-01-13 04:00:00+05:30,2200.0,28.9,10.9,320.0,273.0,7.6
2021-01-13 04:15:00+05:30,2000.0,31.1,11.1,320.0,273.0,6.4
2021-01-13 05:15:00+05:30,2000.0,24.7,7.8,273.0,249.0,6.4
2021-01-13 05:30:00+05:30,2000.0,24.9,6.8,273.0,249.0,7.1
2021-01-13 05:45:00+05:30,1800.0,24.8,7.3,184.0,182.0,6.5
2021-01-13 07:00:00+05:30,1800.0,31.6,7.8,168.0,167.0,5.3
2021-01-13 08:00:00+05:30,1700.0,37.8,7.2,172.0,164.0,6.8
2021-01-13 09:30:00+05:30,1400.0,53.3,7.9,186.0,153.0,8.7
2021-01-13 10:15:00+05:30,1400.0,67.5,8.4,262.0,153.0,8.0
2021-01-13 16:30:00+05:30,700.0,47.5,76.1,260.0,146.0,9.2
2021-01-13 16:45:00+05:30,,55.0,68.1,250.0,132.0,9.8
2021-01-13 18:30:00+05:30,3700.0,129.1,2.9,418.0,171.0,25.0
2021-01-13 19:45:00+05:30,10000.0,84.4,9.7,685.0,323.0,
2021-01-13 20:30:00+05:30,9000.0,89.3,10.2,685.0,323.0,68.0
2021-01-13 20:45:00+05:30,8400.0,77.4,12.2,718.0,403.0,72.6
2021-01-13 21:45:00+05:30,10.0,84.4,12.8,820.0,519.0,77.0
2021-01-13 22:15:00+05:30,6800.0,89.4,9.5,820.0,519.0,55.2
2021-01-13 22:30:00+05:30,6700.0,77.6,8.8,820.0,519.0,48.2
2021-01-13 22:45:00+05:30,,72.7,8.4,621.0,443.0,46.6
2021-01-14 00:00:00+05:30,3700.0,72.3,5.5,497.0,365.0,30.2
2021-01-14 01:15:00+05:30,3800.0,58.2,,443.0,345.0,21.1
2021-01-14 02:45:00+05:30,4200.0,61.3,6.9,504.0,393.0,19.7
2021-01-14 03:00:00+05:30,4400.0,58.9,4.9,504.0,393.0,17.8
2021-01-14 03:30:00+05:30,5100.0,67.0,7.1,504.0,393.0,17.6
2021-01-14 04:00:00+05:30,5400.0,52.0,8.1,576.0,470.0,19.1
2021-01-14 04:15:00+05:30,5400.0,50.6,8.7,576.0,470.0,18.7
2021-01-14 04:30:00+05:30,5400.0,56.3,8.7,576.0,470.0,18.7
2021-01-14 05:00:00+05:30,5200.0,50.0,15.6,585.0,486.0,16.7
2021-01-14 05:30:00+05:30,5200.0,36.1,15.7,585.0,486.0,16.4
2021-01-14 06:45:00+05:30,5600.0,47.3,20.5,545.0,436.0,18.6
2021-01-14 07:15:00+05:30,6300.0,51.3,25.6,545.0,436.0,19.0
2021-01-14 07:30:00+05:30,6700.0,47.6,23.9,545.0,436.0,20.9
2021-01-14 07:45:00+05:30,6500.0,70.2,24.3,654.0,527.0,
2021-01-14 08:00:00+05:30,6900.0,62.6,22.0,654.0,527.0,17.7
2021-01-14 08:15:00+05:30,4800.0,73.5,11.4,654.0,527.0,13.5
2021-01-14 09:30:00+05:30,4700.0,174.2,5.1,676.0,469.0,8.8
2021-01-14 10:15:00+05:30,2900.0,218.0,6.5,685.0,490.0,4.0
2021-01-14 11:15:00+05:30,2100.0,148.1,44.7,537.0,395.0,2.8
2021-01-14 12:00:00+05:30,2200.0,137.7,88.3,440.0,334.0,10.1
2021-01-14 12:15:00+05:30,1600.0,105.4,134.4,440.0,334.0,12.6
2021-01-14 12:30:00+05:30,3400.0,174.2,88.2,440.0,334.0,13.7
2021-01-14 13:15:00+05:30,4300.0,204.1,61.9,636.0,425.0,12.3
2021-01-14 13:30:00+05:30,3900.0,187.3,60.7,636.0,425.0,11.9
2021-01-14 14:15:00+05:30,3100.0,155.1,98.7,891.0,668.0,10.5
2021-01-14 22:15:00+05:30,7300.0,112.0,2.4,859.0,553.0,14.3
2021-01-15 01:30:00+05:30,5800.0,79.0,,677.0,504.0,12.1
2021-01-15 02:45:00+05:30,5100.0,,,,,
2021-01-15 03:15:00+05:30,,91.6,1.6,523.0,417.0,11.3
2021-01-15 04:30:00+05:30,,78.6,1.7,530.0,417.0,13.2
2021-01-15 05:15:00+05:30,,61.9,2.5,578.0,466.0,12.6
2021-01-15 05:45:00+05:30,,58.6,4.6,577.0,464.0,14.1
2021-01-15 06:00:00+05:30,,62.0,4.3,577.0,464.0,15.1
2021-01-15 07:30:00+05:30,,68.7,5.1,626.0,487.0,17.0
2021-01-15 09:15:00+05:30,,142.7,2.6,810.0,495.0,13.0
2021-01-15 09:30:00+05:30,,139.7,1.9,810.0,495.0,10.9
2021-01-15 10:30:00+05:30,,125.0,6.1,690.0,447.0,8.9
2021-01-15 10:45:00+05:30,,101.9,12.9,515.0,366.0,8.0
2021-01-15 11:30:00+05:30,,89.9,33.6,515.0,366.0,7.5
2021-01-15 11:45:00+05:30,,70.8,53.3,398.0,305.0,
2021-01-15 13:00:00+05:30,,82.1,101.3,372.0,254.0,8.0
2021-01-15 13:45:00+05:30,,66.6,124.8,393.0,256.0,7.4
2021-01-15 14:15:00+05:30,,59.0,149.0,393.0,256.0,7.2
2021-01-15 15:15:00+05:30,,126.9,156.3,429.0,271.0,6.8
2021-01-15 16:00:00+05:30,,104.1,146.4,626.0,442.0,12.2
2021-01-15 16:15:00+05:30,,109.3,141.5,626.0,442.0,11.9
2021-01-15 16:30:00+05:30,,123.6,110.1,626.0,442.0,10.6
2021-01-15 17:15:00+05:30,,183.1,31.4,669.0,471.0,12.7
2021-01-15 17:30:00+05:30,,196.2,9.8,669.0,471.0,14.6
2021-01-15 18:00:00+05:30,,189.4,4.5,981.0,652.0,14.9
2021-01-15 18:15:00+05:30,,182.1,2.4,981.0,652.0,14.5
2021-01-15 18:30:00+05:30,,175.2,2.3,981.0,652.0,13.8
2021-01-15 19:15:00+05:30,,165.3,3.2,1089.0,736.0,15.4
2021-01-15 19:30:00+05:30,,159.8,4.5,1089.0,736.0,16.8
2021-01-15 20:00:00+05:30,,149.4,4.0,1153.0,779.0,17.5
2021-01-15 20:15:00+05:30,,150.4,4.1,1153.0,779.0,18.7
2021-01-15 22:00:00+05:30,,103.7,4.1,1280.0,902.0,24.7
2021-01-15 22:15:00+05:30,,93.7,4.1,1280.0,902.0,24.8
2021-01-15 23:00:00+05:30,,81.5,4.4,1254.0,882.0,22.7
2021-01-16 01:00:00+05:30,,47.3,,991.0,760.0,14.8
2021-01-16 01:45:00+05:30,,36.0,1.8,522.0,451.0,9.5
2021-01-16 02:45:00+05:30,,62.3,0.9,472.0,379.0,8.1
2021-01-16 03:00:00+05:30,,66.4,0.0,472.0,379.0,6.9
2021-01-16 03:30:00+05:30,,62.5,0.2,472.0,379.0,7.0
2021-01-16 04:15:00+05:30,,61.3,,366.0,306.0,6.1
2021-01-16 04:30:00+05:30,,61.3,,366.0,306.0,6.3
2021-01-16 05:45:00+05:30,,55.5,,251.0,216.0,5.4
2021-01-16 06:15:00+05:30,,58.7,,251.0,216.0,3.9
2021-01-16 06:30:00+05:30,,56.6,,251.0,216.0,3.9
2021-01-16 06:45:00+05:30,,58.2,,212.0,190.0,4.2
2021-01-16 07:15:00+05:30,,59.3,,212.0,190.0,4.2
2021-01-16 07:45:00+05:30,,56.8,,221.0,186.0,
2021-01-16 09:15:00+05:30,,58.5,0.9,222.0,186.0,7.9
2021-01-16 11:30:00+05:30,2100.0,111.9,9.7,271.0,216.0,0.0
2021-01-16 13:00:00+05:30,1700.0,77.5,43.7,315.0,222.0,0.0
2021-01-16 13:15:00+05:30,1600.0,77.1,46.0,315.0,222.0,0.0
2021-01-16 14:45:00+05:30,1300.0,58.7,68.8,294.0,199.0,0.0
2021-01-16 15:15:00+05:30,1100.0,56.1,73.7,294.0,199.0,0.0
2021-01-16 17:00:00+05:30,1500.0,71.4,32.0,320.0,161.0,0.0
2021-01-16 21:15:00+05:30,2700.0,59.7,4.1,313.0,227.0,11.3
2021-01-16 22:15:00+05:30,2500.0,52.4,3.4,328.0,232.0,10.1
2021-01-16 23:15:00+05:30,3200.0,48.7,4.6,311.0,210.0,11.1
2021-01-17 00:45:00+05:30,3100.0,41.0,5.1,334.0,250.0,13.9
2021-01-17 04:00:00+05:30,1400.0,61.8,2.9,224.0,169.0,9.1
2021-01-17 06:45:00+05:30,1100.0,57.7,2.4,213.0,161.0,8.9
2021-01-17 07:30:00+05:30,1200.0,54.8,9.6,213.0,161.0,10.2
2021-01-17 10:15:00+05:30,1600.0,68.2,16.7,338.0,252.0,10.1
2021-01-17 10:45:00+05:30,,60.7,28.6,346.0,267.0,10.4
2021-01-17 11:30:00+05:30,1600.0,49.6,40.2,346.0,267.0,9.7
2021-01-18 08:15:00+05:30,2000.0,51.3,3.4,384.0,217.0,11.1
2021-01-18 08:30:00+05:30,1900.0,49.6,4.4,384.0,217.0,11.8
2021-01-18 09:00:00+05:30,1600.0,44.8,11.1,350.0,216.0,11.7
2021-01-18 09:15:00+05:30,1600.0,43.9,15.6,350.0,216.0,10.9
2021-01-18 10:15:00+05:30,1600.0,41.3,25.2,304.0,217.0,10.8
2021-01-18 20:15:00+05:30,10.0,98.3,11.1,913.0,298.0,22.8
2021-01-18 20:30:00+05:30,10.0,94.5,13.8,913.0,298.0,25.6
2021-01-18 20:45:00+05:30,10.0,84.6,13.7,875.0,456.0,25.6
2021-01-18 22:00:00+05:30,10.0,69.4,12.7,854.0,473.0,24.9
2021-01-18 23:30:00+05:30,10.0,59.8,14.5,793.0,503.0,26.1
2021-01-18 23:45:00+05:30,10.0,67.8,16.2,815.0,560.0,
2021-01-19 00:45:00+05:30,10.0,40.1,14.9,869.0,636.0,21.9
2021-01-19 01:00:00+05:30,,,14.2,869.0,636.0,
2021-01-19 01:15:00+05:30,,,14.0,869.0,636.0,
2021-01-19 04:15:00+05:30,6300.0,31.3,12.3,760.0,539.0,13.9
2021-01-19 05:30:00+05:30,2500.0,41.1,5.6,657.0,480.0,9.8
2021-01-19 06:30:00+05:30,1700.0,36.9,3.6,488.0,366.0,6.7
2021-01-19 06:45:00+05:30,1300.0,32.5,2.2,368.0,311.0,5.9
2021-01-19 09:00:00+05:30,1200.0,32.6,1.0,273.0,,7.5
2021-01-19 09:15:00+05:30,1100.0,32.5,0.7,273.0,,6.3
2021-01-19 10:15:00+05:30,800.0,43.3,,226.0,,4.7
2021-01-19 13:45:00+05:30,1300.0,43.9,16.8,317.0,,8.9
2021-01-19 15:45:00+05:30,1100.0,48.5,20.2,294.0,193.0,
2021-01-19 17:15:00+05:30,1600.0,42.3,9.7,294.0,,7.9
2021-01-19 17:45:00+05:30,1800.0,54.7,5.2,302.0,161.0,6.6
2021-01-19 18:15:00+05:30,1700.0,40.1,3.5,302.0,161.0,6.2
2021-01-19 20:00:00+05:30,1500.0,42.2,6.6,207.0,146.0,5.1
2021-01-19 20:15:00+05:30,1300.0,39.5,11.1,207.0,146.0,7.6
2021-01-19 21:00:00+05:30,1200.0,31.8,15.3,202.0,153.0,8.8
2021-01-19 21:45:00+05:30,1200.0,34.3,11.6,189.0,139.0,8.3
2021-01-19 22:15:00+05:30,1200.0,30.0,15.2,189.0,139.0,7.8
2021-01-19 22:45:00+05:30,,27.0,16.5,174.0,129.0,7.9
2021-01-19 23:15:00+05:30,1100.0,34.1,14.8,174.0,129.0,6.6
2021-01-19 23:30:00+05:30,1100.0,37.5,9.6,174.0,129.0,7.1
2021-01-20 01:15:00+05:30,,,19.9,182.0,143.0,
2021-01-20 01:45:00+05:30,1000.0,20.4,21.6,162.0,141.0,8.2
2021-01-20 02:30:00+05:30,1000.0,27.3,15.9,162.0,141.0,8.5
2021-01-20 02:45:00+05:30,1000.0,19.7,19.8,152.0,128.0,8.7
2021-01-20 03:15:00+05:30,900.0,16.7,,152.0,128.0,8.9
2021-01-20 03:45:00+05:30,800.0,18.2,20.9,138.0,119.0,
2021-01-20 04:15:00+05:30,800.0,21.8,18.5,138.0,119.0,6.9
2021-01-20 04:30:00+05:30,800.0,20.5,19.4,138.0,119.0,6.8
2021-01-20 05:00:00+05:30,900.0,21.3,16.8,150.0,117.0,5.8
2021-01-20 06:15:00+05:30,800.0,15.8,18.3,147.0,117.0,7.1
2021-01-20 06:45:00+05:30,900.0,20.5,12.0,188.0,127.0,6.2
2021-01-20 07:15:00+05:30,900.0,24.4,11.2,188.0,127.0,5.5
2021-01-20 08:15:00+05:30,1000.0,25.6,9.4,205.0,123.0,10.1
2021-01-20 11:15:00+05:30,1000.0,34.1,20.3,188.0,128.0,10.1
2021-01-20 11:45:00+05:30,1100.0,27.7,26.8,183.0,122.0,
2021-01-20 13:45:00+05:30,1000.0,34.4,53.4,199.0,122.0,10.3
2021-01-20 15:15:00+05:30,1000.0,34.0,52.5,215.0,124.0,10.6
2021-01-20 17:00:00+05:30,1300.0,43.3,50.5,213.0,134.0,7.8
2021-01-20 18:00:00+05:30,1600.0,74.4,2.3,331.0,149.0,8.4
2021-01-20 20:45:00+05:30,1500.0,61.4,1.9,249.0,153.0,11.7
2021-01-21 02:00:00+05:30,1100.0,52.3,2.3,167.0,125.0,7.8
2021-01-21 03:00:00+05:30,1000.0,30.1,,184.0,136.0,6.2
2021-01-21 03:15:00+05:30,1000.0,26.6,,184.0,136.0,6.9
2021-01-21 09:15:00+05:30,,36.6,24.5,229.0,134.0,9.2
2021-01-21 10:15:00+05:30,1200.0,38.7,,254.0,145.0,10.0
2021-01-21 13:00:00+05:30,800.0,39.4,78.1,200.0,118.0,11.8
2021-01-21 13:15:00+05:30,700.0,25.6,90.8,200.0,118.0,12.6
2021-01-21 14:00:00+05:30,600.0,48.2,91.8,219.0,96.0,13.4
2021-01-21 14:15:00+05:30,600.0,36.8,89.6,219.0,96.0,14.0
2021-01-21 15:45:00+05:30,600.0,35.3,98.7,171.0,74.0,
2021-01-21 16:00:00+05:30,600.0,35.6,95.0,171.0,74.0,12.6
2021-01-21 17:45:00+05:30,1700.0,105.4,9.9,438.0,108.0,13.9
2021-01-21 20:45:00+05:30,7400.0,81.0,6.1,715.0,261.0,24.6
2021-01-21 22:00:00+05:30,8500.0,93.4,8.7,746.0,364.0,20.9
2021-01-21 23:30:00+05:30,6600.0,60.8,9.6,653.0,395.0,18.9
2021-01-22 02:45:00+05:30,,,4.8,,,
2021-01-22 03:00:00+05:30,4300.0,64.4,,390.0,298.0,12.5
2021-01-22 04:15:00+05:30,3300.0,55.5,3.9,309.0,235.0,11.5
2021-01-22 04:45:00+05:30,,58.8,3.6,301.0,228.0,11.0
2021-01-22 06:15:00+05:30,2800.0,73.8,4.5,365.0,271.0,10.9
2021-01-22 07:00:00+05:30,2500.0,59.0,3.8,360.0,257.0,9.4
2021-01-22 18:30:00+05:30,1900.0,65.6,17.9,298.0,208.0,8.9
2021-01-23 09:15:00+05:30,1100.0,36.5,20.9,215.0,135.0,8.6
2021-01-23 12:00:00+05:30,1200.0,36.5,60.5,354.0,216.0,11.5
2021-01-23 12:15:00+05:30,1200.0,36.4,67.5,354.0,216.0,13.2
2021-01-23 13:15:00+05:30,1100.0,42.0,74.6,345.0,179.0,11.8
2021-01-23 13:45:00+05:30,1000.0,43.4,85.4,295.0,138.0,13.1
2021-01-23 14:30:00+05:30,1000.0,37.0,89.5,295.0,138.0,13.0
2021-01-23 15:45:00+05:30,1100.0,47.1,73.3,293.0,149.0,
2021-01-23 16:30:00+05:30,1200.0,42.3,72.2,293.0,149.0,10.4
2021-01-23 17:45:00+05:30,1400.0,66.2,28.9,312.0,173.0,8.9
2021-01-23 18:30:00+05:30,1800.0,67.5,16.1,312.0,173.0,8.9
2021-01-23 18:45:00+05:30,1900.0,80.7,9.1,349.0,189.0,8.5
2021-01-23 19:15:00+05:30,1800.0,76.3,7.3,349.0,189.0,9.8
2021-01-23 19:30:00+05:30,2000.0,77.1,7.9,349.0,189.0,10.1
2021-01-23 20:00:00+05:30,2000.0,73.5,6.5,327.0,223.0,10.2
2021-01-23 21:15:00+05:30,2300.0,66.8,6.5,345.0,250.0,12.7
2021-01-24 10:00:00+05:30,1200.0,35.3,12.8,318.0,183.0,6.7
2021-01-24 12:15:00+05:30,1300.0,34.7,9.2,350.0,233.0,10.8
2021-01-24 13:00:00+05:30,1300.0,32.2,13.5,343.0,223.0,11.7
2021-01-24 13:15:00+05:30,1200.0,35.5,16.0,343.0,223.0,11.6
2021-01-24 14:30:00+05:30,1200.0,43.8,27.9,348.0,217.0,11.7
2021-01-24 14:45:00+05:30,1200.0,38.6,39.5,340.0,222.0,11.8
2021-01-24 15:30:00+05:30,1100.0,39.4,46.9,340.0,222.0,11.6
2021-01-24 15:45:00+05:30,1100.0,40.8,49.0,343.0,218.0,
2021-01-24 16:15:00+05:30,900.0,31.1,63.4,343.0,218.0,10.2
2021-01-24 16:45:00+05:30,,40.6,49.8,276.0,173.0,10.1
2021-01-24 20:00:00+05:30,1700.0,50.8,13.8,350.0,226.0,10.2
2021-01-24 20:15:00+05:30,1700.0,48.0,14.1,350.0,226.0,9.9
2021-01-24 21:15:00+05:30,1600.0,45.2,13.6,322.0,227.0,9.3
2021-01-24 21:30:00+05:30,1600.0,52.7,8.1,322.0,227.0,9.1
2021-01-24 22:15:00+05:30,1600.0,46.7,4.6,302.0,206.0,10.0
2021-01-24 22:45:00+05:30,,47.4,3.6,323.0,199.0,9.5
2021-01-24 23:15:00+05:30,1300.0,48.1,5.5,323.0,199.0,9.6
2021-01-24 23:45:00+05:30,1100.0,40.2,13.6,276.0,177.0,
2021-01-25 00:15:00+05:30,900.0,25.1,31.1,276.0,177.0,8.6
2021-01-25 00:45:00+05:30,900.0,22.2,33.3,233.0,175.0,8.4
2021-01-25 01:00:00+05:30,,,36.7,233.0,175.0,
2021-01-25 02:15:00+05:30,800.0,20.6,35.3,216.0,169.0,7.0
2021-01-25 02:45:00+05:30,800.0,15.6,35.5,210.0,164.0,6.7
2021-01-25 03:15:00+05:30,700.0,13.5,,210.0,164.0,7.8
2021-01-25 04:30:00+05:30,600.0,16.8,48.5,213.0,160.0,10.3
2021-01-25 04:45:00+05:30,,14.9,50.9,201.0,151.0,9.7
2021-01-25 05:30:00+05:30,700.0,17.2,45.4,201.0,151.0,8.6
2021-01-25 06:00:00+05:30,700.0,20.1,43.0,211.0,150.0,9.8
2021-01-25 07:00:00+05:30,800.0,27.4,34.7,241.0,158.0,9.0
2021-01-25 07:15:00+05:30,1000.0,36.2,33.2,241.0,158.0,9.1
2021-01-25 08:15:00+05:30,900.0,26.3,39.7,291.0,156.0,8.8
2021-01-25 12:00:00+05:30,1000.0,30.5,57.5,302.0,172.0,10.2
2021-01-25 14:15:00+05:30,900.0,30.2,91.2,288.0,152.0,8.1
2021-01-25 14:45:00+05:30,900.0,39.0,83.7,266.0,147.0,5.7
2021-01-25 15:15:00+05:30,900.0,42.9,81.6,266.0,147.0,4.8
2021-01-25 17:15:00+05:30,1300.0,74.1,33.6,248.0,118.0,
2021-01-25 17:45:00+05:30,1500.0,85.8,11.1,266.0,133.0,
2021-01-25 20:30:00+05:30,5200.0,72.7,2.8,638.0,215.0,12.2
2021-01-25 21:00:00+05:30,6000.0,64.2,3.1,536.0,309.0,14.9
2021-01-25 21:15:00+05:30,5700.0,67.5,2.3,536.0,309.0,13.4
2021-01-25 22:00:00+05:30,6000.0,61.2,3.3,577.0,344.0,11.8
2021-01-25 22:45:00+05:30,,64.6,2.1,516.0,310.0,9.0
2021-01-26 04:30:00+05:30,700.0,39.6,,213.0,161.0,6.1
2021-01-26 05:15:00+05:30,900.0,33.5,0.1,175.0,135.0,4.5
2021-01-26 05:45:00+05:30,1000.0,31.4,0.3,135.0,121.0,5.0
2021-01-26 06:00:00+05:30,900.0,34.6,0.0,135.0,121.0,5.2
2021-01-26 07:15:00+05:30,1100.0,36.5,,143.0,112.0,4.2
2021-01-26 08:00:00+05:30,1100.0,35.8,0.5,196.0,123.0,7.8
2021-01-26 09:00:00+05:30,900.0,38.3,10.6,205.0,123.0,10.2
2021-01-26 10:00:00+05:30,800.0,43.8,29.9,221.0,114.0,7.2
2021-01-26 10:15:00+05:30,800.0,59.2,32.8,221.0,114.0,6.7
2021-01-26 18:00:00+05:30,1600.0,95.3,10.1,277.0,103.0,11.6
2021-01-26 21:00:00+05:30,3600.0,76.6,3.3,635.0,305.0,14.0
2021-01-26 22:00:00+05:30,3100.0,68.9,3.2,431.0,255.0,13.2
2021-02-05 21:15:00+05:30,2100.0,63.6,6.8,183.0,107.0,0.0
2021-02-05 22:15:00+05:30,1900.0,66.7,8.1,234.0,128.0,0.0
2021-02-05 23:30:00+05:30,1800.0,58.8,9.8,265.0,153.0,0.0
2021-02-05 23:45:00+05:30,1600.0,59.3,8.3,298.0,179.0,0.0
2021-02-06 00:30:00+05:30,700.0,53.3,10.1,298.0,179.0,0.0
2021-02-06 01:45:00+05:30,500.0,36.4,21.4,186.0,121.0,0.0
2021-02-06 02:00:00+05:30,,,24.4,186.0,121.0,
2021-02-06 02:15:00+05:30,,,26.9,186.0,121.0,
2021-02-06 02:30:00+05:30,,,23.1,186.0,121.0,
2021-02-06 02:45:00+05:30,500.0,33.9,24.9,163.0,128.0,0.0
2021-02-06 03:15:00+05:30,500.0,33.1,22.7,163.0,128.0,0.0
2021-02-06 03:30:00+05:30,700.0,46.1,6.8,163.0,128.0,0.0
2021-02-06 03:45:00+05:30,800.0,42.6,6.7,171.0,133.0,0.0
2021-02-06 04:00:00+05:30,800.0,42.4,6.2,171.0,133.0,0.0
2021-02-06 04:15:00+05:30,700.0,35.9,5.8,171.0,133.0,0.0
2021-02-06 04:45:00+05:30,,43.2,6.4,162.0,123.0,0.0
2021-02-06 06:30:00+05:30,800.0,38.6,5.8,218.0,173.0,0.0
2021-02-06 06:45:00+05:30,800.0,36.5,6.6,194.0,144.0,0.0
2021-02-06 07:00:00+05:30,1000.0,36.6,6.1,194.0,144.0,0.0
2021-02-06 07:15:00+05:30,900.0,27.1,5.7,194.0,144.0,0.0
2021-02-06 08:30:00+05:30,1000.0,41.7,8.7,211.0,143.0,0.0
2021-02-06 09:30:00+05:30,900.0,40.2,19.7,298.0,164.0,0.0
2021-02-06 09:45:00+05:30,1000.0,46.6,20.4,304.0,166.0,0.0
2021-02-06 11:15:00+05:30,600.0,34.4,53.2,261.0,152.0,15.8
2021-02-06 11:45:00+05:30,500.0,27.7,67.5,162.0,77.0,
2021-02-06 13:45:00+05:30,400.0,28.9,81.7,169.0,57.0,14.0
2021-02-06 14:00:00+05:30,400.0,27.1,87.0,169.0,57.0,
2021-02-06 14:30:00+05:30,400.0,24.1,86.8,169.0,57.0,
2021-02-06 15:15:00+05:30,400.0,36.7,78.6,156.0,56.0,0.0
2021-02-06 15:45:00+05:30,400.0,37.2,76.5,160.0,52.0,
2021-02-06 17:30:00+05:30,600.0,37.5,66.8,141.0,46.0,7.1
2021-02-06 18:15:00+05:30,1000.0,74.7,32.5,163.0,58.0,6.9
2021-02-06 18:45:00+05:30,1300.0,84.1,15.6,178.0,69.0,7.9
2021-02-06 22:15:00+05:30,1600.0,68.9,11.3,272.0,133.0,15.7
2021-02-06 22:30:00+05:30,1700.0,63.3,10.6,272.0,133.0,15.9
2021-02-06 23:30:00+05:30,1200.0,68.1,10.3,269.0,143.0,13.6
2021-02-07 01:15:00+05:30,1000.0,50.7,,226.0,145.0,12.5
2021-02-07 02:30:00+05:30,,,10.8,233.0,164.0,
2021-02-07 04:45:00+05:30,,46.4,10.1,305.0,232.0,13.9
2021-02-07 05:00:00+05:30,1000.0,48.3,10.5,305.0,232.0,13.4
2021-02-07 06:00:00+05:30,1100.0,45.5,11.7,289.0,212.0,14.3
2021-02-07 10:15:00+05:30,900.0,40.6,41.7,333.0,186.0,21.1
2021-02-07 10:30:00+05:30,900.0,35.6,50.7,333.0,186.0,21.9
2021-02-07 10:45:00+05:30,,44.2,54.9,309.0,195.0,22.0
2021-02-07 11:15:00+05:30,700.0,37.6,75.9,309.0,195.0,21.4
2021-02-07 11:30:00+05:30,700.0,42.7,79.2,309.0,195.0,21.9
2021-02-07 13:45:00+05:30,400.0,32.6,98.7,197.0,83.0,18.0
2021-02-07 14:00:00+05:30,400.0,31.1,98.7,197.0,83.0,17.5
2021-02-07 14:45:00+05:30,400.0,35.0,102.1,320.0,105.0,16.5
2021-02-07 15:15:00+05:30,400.0,28.2,100.1,320.0,105.0,16.9
2021-02-07 16:15:00+05:30,500.0,25.5,104.1,183.0,81.0,14.5
2021-02-07 17:15:00+05:30,600.0,36.9,82.4,178.0,78.0,13.2
2021-02-07 17:45:00+05:30,900.0,60.4,58.6,263.0,96.0,13.9
2021-02-07 18:45:00+05:30,1900.0,88.2,9.2,359.0,107.0,13.7
2021-02-07 19:15:00+05:30,2600.0,100.2,7.2,359.0,107.0,14.8
2021-02-07 19:45:00+05:30,3800.0,99.6,7.1,566.0,138.0,
2021-02-07 20:15:00+05:30,4900.0,104.0,9.0,566.0,138.0,20.1
2021-02-07 20:45:00+05:30,5700.0,92.6,15.9,840.0,204.0,19.3
2021-02-07 21:15:00+05:30,4800.0,78.7,25.7,840.0,204.0,19.9
2021-02-07 21:45:00+05:30,4200.0,72.8,15.9,753.0,327.0,18.0
2021-02-07 22:45:00+05:30,,60.4,14.4,561.0,246.0,18.7
2021-02-08 00:30:00+05:30,3700.0,40.3,13.3,460.0,232.0,18.6
2021-02-08 01:00:00+05:30,3700.0,42.0,,389.0,241.0,19.0
2021-02-08 01:30:00+05:30,2500.0,52.2,,389.0,241.0,18.0
2021-02-08 02:30:00+05:30,,,9.4,365.0,249.0,
2021-02-08 03:00:00+05:30,1600.0,48.4,9.0,282.0,210.0,16.0
2021-02-08 04:45:00+05:30,,51.3,7.6,233.0,173.0,12.2
2021-02-08 05:00:00+05:30,800.0,50.7,8.1,233.0,173.0,12.6
2021-02-08 05:15:00+05:30,1100.0,53.0,8.0,233.0,173.0,12.5
2021-02-08 05:45:00+05:30,1000.0,50.3,7.8,271.0,204.0,13.1
2021-02-08 06:15:00+05:30,1200.0,49.2,8.0,271.0,204.0,13.1
2021-02-08 06:30:00+05:30,1300.0,60.3,8.5,271.0,204.0,13.7
2021-02-08 07:00:00+05:30,1300.0,61.2,7.4,310.0,215.0,14.8
2021-02-08 07:30:00+05:30,1500.0,62.1,6.8,310.0,215.0,13.1
2021-02-08 08:15:00+05:30,1200.0,71.5,6.9,324.0,174.0,13.9
2021-02-08 10:30:00+05:30,800.0,61.1,40.4,641.0,168.0,15.6
2021-02-08 11:15:00+05:30,700.0,56.5,63.4,342.0,158.0,16.0
2021-02-08 11:30:00+05:30,500.0,34.7,85.2,342.0,158.0,16.7
2021-02-08 11:45:00+05:30,500.0,34.2,90.1,245.0,105.0,
2021-02-08 12:45:00+05:30,500.0,25.6,107.7,239.0,101.0,16.6
2021-02-08 13:15:00+05:30,500.0,35.7,104.6,239.0,101.0,15.9
2021-02-08 13:30:00+05:30,500.0,34.1,97.4,239.0,101.0,15.6
2021-02-08 14:30:00+05:30,500.0,42.5,111.9,245.0,84.0,
2021-02-08 16:15:00+05:30,400.0,30.5,125.8,205.0,100.0,15.6
2021-02-08 16:30:00+05:30,500.0,32.8,122.2,205.0,100.0,15.9
2021-02-08 17:00:00+05:30,800.0,61.3,90.7,240.0,103.0,13.0
2021-02-08 17:15:00+05:30,900.0,81.1,67.5,240.0,103.0,11.9
2021-02-08 17:30:00+05:30,1300.0,83.2,57.2,240.0,103.0,11.5
2021-02-08 17:45:00+05:30,1100.0,102.1,39.2,398.0,112.0,10.6
2021-02-08 18:15:00+05:30,2200.0,129.4,9.0,398.0,112.0,4.7
2021-02-08 18:45:00+05:30,3500.0,122.0,7.2,534.0,127.0,3.6
2021-02-08 19:15:00+05:30,4400.0,116.4,6.9,534.0,127.0,4.3
2021-02-09 15:15:00+05:30,400.0,32.3,109.4,206.0,81.0,17.0
2021-02-09 15:30:00+05:30,500.0,36.9,99.0,206.0,81.0,18.1
2021-02-09 17:15:00+05:30,700.0,67.1,56.0,208.0,69.0,16.1
2021-02-09 18:30:00+05:30,,105.4,5.7,528.0,80.0,23.4
2021-02-09 19:30:00+05:30,,101.9,9.9,1195.0,168.0,25.0
2021-02-09 20:00:00+05:30,,85.7,11.7,1020.0,215.0,24.0
2021-02-09 20:30:00+05:30,,110.9,8.4,,,24.4
2021-02-09 21:00:00+05:30,4400.0,128.0,5.6,766.0,221.0,16.3
2021-02-09 21:15:00+05:30,4600.0,122.6,5.8,766.0,221.0,17.0
2021-02-10 10:45:00+05:30,,60.2,65.2,339.0,121.0,18.6
2021-02-10 11:30:00+05:30,700.0,50.3,83.3,339.0,121.0,17.9
2021-02-10 13:15:00+05:30,300.0,52.3,94.1,265.0,85.0,29.6
2021-02-10 15:00:00+05:30,300.0,28.2,119.1,196.0,55.0,17.5
2021-02-10 16:30:00+05:30,600.0,64.0,120.8,196.0,66.0,18.4
2021-02-10 21:00:00+05:30,4000.0,125.6,9.8,600.0,262.0,16.5
2021-02-10 22:00:00+05:30,4200.0,100.0,10.7,852.0,306.0,17.3
2021-02-11 05:30:00+05:30,1600.0,43.5,9.4,354.0,228.0,14.5
2021-02-11 05:45:00+05:30,1500.0,42.0,7.1,344.0,235.0,14.6
2021-02-11 07:00:00+05:30,1700.0,37.6,5.9,322.0,238.0,14.3
2021-02-11 13:45:00+05:30,1000.0,53.7,138.2,393.0,235.0,19.2
2021-02-11 16:30:00+05:30,600.0,46.8,82.6,327.0,163.0,17.8
2021-02-11 23:15:00+05:30,2200.0,95.2,6.6,488.0,283.0,16.6
2021-02-12 03:30:00+05:30,1300.0,61.0,5.4,332.0,224.0,15.8
2021-02-12 04:45:00+05:30,,52.9,5.8,371.0,266.0,12.7
2021-02-12 10:30:00+05:30,,,22.5,539.0,267.0,
2021-02-12 11:30:00+05:30,700.0,72.6,,464.0,290.0,14.0
2021-02-12 12:30:00+05:30,1100.0,65.4,86.7,432.0,237.0,22.9
2021-02-12 13:15:00+05:30,700.0,30.0,129.5,401.0,197.0,21.9
2021-02-12 13:30:00+05:30,800.0,38.8,129.1,401.0,197.0,22.1
2021-02-12 15:15:00+05:30,700.0,27.7,140.7,269.0,136.0,18.4
2021-02-12 19:15:00+05:30,6100.0,92.0,12.2,516.0,262.0,17.8
2021-02-12 20:15:00+05:30,8000.0,76.5,15.7,676.0,285.0,18.6
2021-02-12 20:45:00+05:30,7400.0,77.6,19.6,716.0,311.0,19.1
2021-02-12 21:30:00+05:30,9300.0,60.2,21.2,716.0,311.0,18.2
2021-02-12 23:15:00+05:30,6100.0,50.1,19.1,603.0,340.0,16.2
2021-02-13 00:15:00+05:30,4300.0,45.4,14.6,563.0,329.0,14.9
2021-02-13 03:00:00+05:30,1500.0,34.7,8.8,182.0,153.0,9.9
2021-02-13 03:15:00+05:30,1400.0,36.5,8.0,182.0,153.0,9.3
2021-02-13 03:30:00+05:30,1100.0,34.1,9.7,182.0,153.0,8.7
2021-02-13 04:30:00+05:30,800.0,25.4,19.9,178.0,129.0,7.8
2021-02-13 04:45:00+05:30,,26.6,20.4,157.0,118.0,7.8
2021-02-13 05:15:00+05:30,1000.0,26.4,21.5,157.0,118.0,8.2
2021-02-13 07:00:00+05:30,1000.0,40.6,18.0,239.0,139.0,7.9
2021-02-13 07:30:00+05:30,1000.0,39.9,21.2,239.0,139.0,7.3
2021-02-13 09:45:00+05:30,1300.0,82.2,20.1,291.0,145.0,11.8
2021-02-13 15:00:00+05:30,600.0,27.9,139.1,218.0,107.0,9.6
2021-02-13 16:45:00+05:30,,33.2,135.7,190.0,77.0,10.4
2021-02-14 02:30:00+05:30,,,9.3,390.0,223.0,
2021-02-14 03:45:00+05:30,3200.0,57.1,11.7,396.0,263.0,
2021-02-14 07:15:00+05:30,2700.0,54.1,11.2,449.0,321.0,13.5
2021-02-14 11:30:00+05:30,800.0,56.2,95.4,374.0,204.0,14.2
2021-02-14 12:00:00+05:30,600.0,52.1,96.3,328.0,136.0,12.9
2021-02-14 13:00:00+05:30,900.0,46.6,129.2,277.0,111.0,11.7
2021-02-14 18:15:00+05:30,5000.0,153.7,6.8,342.0,99.0,21.7
2021-02-14 18:30:00+05:30,6500.0,161.9,6.1,342.0,99.0,24.7
2021-02-14 19:45:00+05:30,7500.0,129.4,10.1,1367.0,239.0,
2021-02-14 20:45:00+05:30,7900.0,121.6,11.2,1305.0,323.0,18.2
2021-02-15 00:15:00+05:30,,84.0,7.2,526.0,202.0,13.7
2021-02-15 02:30:00+05:30,,,8.4,364.0,195.0,
2021-02-15 03:15:00+05:30,,60.1,8.1,348.0,206.0,10.7
2021-02-15 04:15:00+05:30,,56.8,8.0,339.0,224.0,10.9
2021-02-16 07:00:00+05:30,1300.0,62.2,0.9,313.0,200.0,12.0
2021-02-16 09:15:00+05:30,1900.0,93.6,1.0,504.0,283.0,19.2
2021-02-16 09:30:00+05:30,1700.0,93.3,1.1,504.0,283.0,20.0
2021-02-16 11:00:00+05:30,1100.0,62.1,1.3,385.0,191.0,20.2
2021-02-16 12:00:00+05:30,800.0,72.2,1.7,300.0,136.0,20.6
2021-02-16 14:15:00+05:30,700.0,37.9,0.7,218.0,88.0,17.9
2021-02-16 14:45:00+05:30,1100.0,61.7,1.2,261.0,107.0,18.5
2021-02-16 16:15:00+05:30,1000.0,38.0,1.2,306.0,122.0,19.5
2021-02-16 16:30:00+05:30,900.0,37.8,1.1,306.0,122.0,20.6
2021-02-16 18:30:00+05:30,1500.0,69.0,1.4,295.0,123.0,17.7
2021-02-16 19:15:00+05:30,2200.0,78.2,1.0,305.0,130.0,16.9
2021-02-16 21:30:00+05:30,4100.0,99.5,0.7,602.0,151.0,20.6
2021-02-16 22:15:00+05:30,3200.0,85.1,0.9,857.0,193.0,17.2
2021-02-16 23:15:00+05:30,2400.0,79.7,1.0,493.0,169.0,15.7
2021-02-17 05:45:00+05:30,1700.0,43.9,1.0,400.0,235.0,15.5
2021-02-17 13:45:00+05:30,500.0,,118.2,215.0,107.0,17.8
2021-02-17 14:00:00+05:30,600.0,,135.9,215.0,107.0,15.4
2021-02-17 18:15:00+05:30,1600.0,93.1,11.9,392.0,89.0,17.7
2021-02-18 03:15:00+05:30,2700.0,57.9,8.2,360.0,186.0,16.3
2021-02-18 12:15:00+05:30,900.0,83.4,86.2,350.0,173.0,16.4
2021-02-18 15:45:00+05:30,300.0,47.4,124.2,199.0,74.0,
2021-02-18 20:15:00+05:30,7500.0,136.1,8.7,809.0,179.0,23.3
2021-02-21 12:15:00+05:30,1400.0,44.5,92.0,,,20.2
2021-02-21 12:45:00+05:30,1300.0,35.4,116.4,,,24.6
2021-02-21 14:45:00+05:30,1200.0,42.3,117.3,288.0,108.0,21.7
2021-02-21 15:15:00+05:30,1100.0,31.5,126.0,288.0,108.0,20.3
2021-02-21 17:45:00+05:30,1000.0,77.3,55.0,311.0,83.0,15.3
2021-02-21 18:15:00+05:30,1100.0,74.3,40.3,311.0,83.0,14.7
2021-02-22 00:45:00+05:30,,71.0,7.5,506.0,268.0,13.6
2021-02-22 03:45:00+05:30,,61.1,4.5,252.0,160.0,
2021-02-22 05:15:00+05:30,,58.8,3.4,205.0,125.0,14.4
2021-02-22 05:45:00+05:30,,59.6,3.0,218.0,118.0,13.9
2021-02-22 11:30:00+05:30,1000.0,37.5,85.9,,,24.4
2021-02-22 12:00:00+05:30,1100.0,46.0,87.6,284.0,108.0,21.6
2021-02-22 13:00:00+05:30,900.0,31.1,98.7,289.0,97.0,21.4
2021-02-22 14:00:00+05:30,900.0,30.4,98.2,265.0,75.0,18.5
2021-02-22 14:15:00+05:30,800.0,30.2,93.8,265.0,75.0,17.1
2021-02-22 16:15:00+05:30,900.0,30.3,97.4,190.0,51.0,16.3
2021-02-22 17:15:00+05:30,600.0,48.0,75.5,213.0,66.0,16.3
2021-02-23 09:15:00+05:30,1500.0,88.1,6.7,610.0,172.0,21.9
2021-02-23 13:15:00+05:30,200.0,50.8,87.0,218.0,48.0,17.6
2021-02-23 17:00:00+05:30,500.0,64.4,71.3,202.0,42.0,24.9
2021-02-23 19:15:00+05:30,5500.0,107.0,4.4,1331.0,140.0,26.7
2021-02-23 19:30:00+05:30,6800.0,112.8,4.1,1331.0,140.0,26.6
2021-02-23 22:00:00+05:30,7200.0,98.6,7.4,1366.0,259.0,26.4
2021-02-24 14:45:00+05:30,200.0,31.9,105.8,240.0,53.0,20.6
2021-02-24 15:45:00+05:30,200.0,44.7,89.6,208.0,50.0,
2021-02-24 16:15:00+05:30,200.0,36.1,99.5,208.0,50.0,22.4
2021-02-24 17:00:00+05:30,400.0,44.5,78.8,239.0,58.0,19.7
2021-02-25 01:15:00+05:30,3100.0,86.0,,425.0,177.0,15.4
2021-02-25 06:15:00+05:30,3800.0,53.8,7.3,410.0,201.0,18.0
2021-02-25 06:45:00+05:30,3400.0,67.5,6.8,466.0,221.0,17.6
2021-02-25 07:00:00+05:30,3400.0,65.2,6.6,466.0,221.0,18.1
2021-02-25 10:00:00+05:30,500.0,69.9,16.0,544.0,196.0,26.0
2021-02-25 10:30:00+05:30,400.0,55.3,34.3,544.0,196.0,31.4
2021-02-26 00:30:00+05:30,1100.0,74.2,5.1,387.0,158.0,14.5
2021-02-26 01:45:00+05:30,700.0,61.7,4.8,311.0,175.0,18.6
2021-02-26 02:15:00+05:30,,,3.6,311.0,175.0,
2021-02-26 03:15:00+05:30,600.0,54.2,3.3,212.0,117.0,18.0
2021-02-26 07:00:00+05:30,900.0,52.9,3.0,254.0,84.0,10.3
2021-02-26 08:30:00+05:30,1000.0,65.8,5.5,337.0,105.0,17.6
2021-02-27 01:45:00+05:30,0.0,,,,,
2021-02-27 02:45:00+05:30,,57.6,5.5,169.0,36.0,15.7
2021-03-01 07:15:00+05:30,1400.0,65.9,4.0,317.0,125.0,14.0
2021-03-01 11:15:00+05:30,,,98.0,377.0,147.0,
2021-03-01 13:15:00+05:30,300.0,28.1,93.0,211.0,45.0,20.2
2021-03-02 00:15:00+05:30,500.0,54.0,27.8,173.0,68.0,17.4
2021-03-02 05:15:00+05:30,400.0,24.6,63.1,248.0,158.0,26.6
2021-03-02 05:45:00+05:30,400.0,42.7,49.3,173.0,84.0,
2021-03-02 07:15:00+05:30,700.0,47.0,37.9,201.0,86.0,22.8
2021-03-02 08:45:00+05:30,600.0,44.7,55.8,326.0,92.0,23.2
2021-03-02 14:15:00+05:30,300.0,24.6,109.2,404.0,36.0,16.7
2021-03-02 15:15:00+05:30,300.0,25.7,108.5,356.0,39.0,16.0
2021-03-02 16:15:00+05:30,300.0,26.8,102.5,265.0,31.0,17.6
2021-03-02 19:15:00+05:30,800.0,58.5,49.5,197.0,33.0,18.2
2021-03-02 20:15:00+05:30,900.0,74.5,24.4,153.0,40.0,19.0
2021-03-02 21:45:00+05:30,1800.0,76.5,5.3,344.0,84.0,19.9
2021-03-02 22:15:00+05:30,900.0,61.1,24.1,344.0,84.0,22.4
2021-03-02 23:15:00+05:30,400.0,48.7,51.6,238.0,89.0,24.0
2021-03-04 05:45:00+05:30,3700.0,82.9,6.0,374.0,136.0,17.7
2021-03-04 07:15:00+05:30,4200.0,91.7,9.2,475.0,153.0,18.5
2021-03-04 13:00:00+05:30,200.0,57.6,108.6,261.0,56.0,19.8
2021-03-04 21:30:00+05:30,4000.0,137.8,4.3,1009.0,207.0,
2021-03-04 23:15:00+05:30,2500.0,115.5,3.4,759.0,155.0,19.5
2021-03-05 00:00:00+05:30,2300.0,105.9,2.8,400.0,114.0,16.9
2021-03-05 01:30:00+05:30,2200.0,83.3,,332.0,121.0,14.4
2021-03-05 04:45:00+05:30,,71.8,4.3,392.0,197.0,13.3
2021-03-05 06:30:00+05:30,1500.0,61.1,3.6,438.0,244.0,15.2
2021-03-05 06:45:00+05:30,1600.0,61.2,3.8,649.0,429.0,16.8
2021-03-05 09:00:00+05:30,1000.0,55.9,13.2,864.0,401.0,37.6
2021-03-05 13:45:00+05:30,400.0,31.2,101.0,321.0,51.0,18.6
2021-03-05 16:30:00+05:30,300.0,31.8,91.0,269.0,38.0,15.0
2021-03-05 17:15:00+05:30,700.0,45.3,80.4,229.0,34.0,15.8
2021-03-05 18:15:00+05:30,900.0,63.1,51.0,200.0,35.0,17.2
2021-03-05 19:00:00+05:30,1200.0,52.6,41.0,219.0,46.0,18.1
2021-03-05 22:15:00+05:30,800.0,42.3,54.6,248.0,96.0,26.4
2021-03-06 00:15:00+05:30,500.0,38.3,60.5,205.0,78.0,17.2
2021-03-06 00:45:00+05:30,500.0,45.3,38.6,182.0,81.0,15.0
2021-03-06 01:15:00+05:30,800.0,62.7,,182.0,81.0,13.8
2021-03-06 01:30:00+05:30,700.0,61.4,,182.0,81.0,13.3
2021-03-06 02:30:00+05:30,,,14.6,218.0,,
2021-03-06 03:15:00+05:30,700.0,42.1,12.2,285.0,177.0,13.7
2021-03-06 05:30:00+05:30,700.0,52.1,7.7,295.0,191.0,22.0
2021-03-06 07:15:00+05:30,900.0,49.6,6.2,238.0,108.0,16.5
2021-03-06 10:45:00+05:30,,34.3,82.5,323.0,134.0,38.2
2021-03-06 11:30:00+05:30,500.0,44.5,90.6,323.0,134.0,39.6
2021-03-06 16:15:00+05:30,400.0,37.2,114.7,147.0,39.0,18.1
2021-03-06 18:15:00+05:30,2700.0,104.1,25.0,248.0,48.0,18.6
2021-03-06 18:45:00+05:30,2600.0,108.4,2.6,603.0,90.0,18.9
2021-03-06 19:15:00+05:30,5000.0,106.6,2.7,603.0,90.0,21.8
2021-03-06 19:30:00+05:30,4100.0,105.9,2.8,603.0,90.0,22.4
2021-03-06 21:00:00+05:30,6600.0,115.4,3.9,904.0,184.0,23.0
2021-03-06 21:30:00+05:30,7100.0,97.0,4.2,904.0,184.0,24.4
2021-03-06 23:45:00+05:30,2300.0,107.1,1.6,434.0,124.0,
2021-03-07 01:00:00+05:30,1100.0,89.9,,334.0,107.0,16.6
2021-03-07 02:30:00+05:30,,,1.7,265.0,100.0,
2021-03-07 03:00:00+05:30,900.0,69.1,1.7,232.0,97.0,13.7
2021-03-07 03:45:00+05:30,1500.0,90.6,2.3,205.0,97.0,
2021-03-07 04:00:00+05:30,1900.0,94.1,3.6,205.0,97.0,16.9
2021-03-07 04:30:00+05:30,2100.0,93.1,8.6,205.0,97.0,19.7
2021-03-07 05:30:00+05:30,2300.0,84.5,20.0,290.0,124.0,20.8
2021-03-07 06:15:00+05:30,2400.0,83.9,31.2,412.0,167.0,22.7
2021-03-07 08:15:00+05:30,1200.0,100.0,8.3,409.0,179.0,30.0
2021-03-07 11:00:00+05:30,600.0,46.7,95.8,285.0,95.0,29.1
2021-03-07 13:15:00+05:30,200.0,29.1,92.2,211.0,40.0,17.6
2021-03-07 13:45:00+05:30,200.0,39.8,92.3,218.0,42.0,19.0
2021-03-07 14:45:00+05:30,400.0,40.5,122.3,184.0,41.0,19.8
2021-03-07 15:30:00+05:30,400.0,44.2,116.4,184.0,41.0,21.1
2021-03-07 16:15:00+05:30,400.0,29.1,113.9,239.0,57.0,19.7
2021-03-07 23:45:00+05:30,700.0,48.0,44.3,234.0,85.0,
2021-03-08 03:00:00+05:30,500.0,51.2,33.7,163.0,64.0,12.4
2021-03-13 08:15:00+05:30,1100.0,37.6,2.9,481.0,161.0,4.6
2021-03-14 05:15:00+05:30,800.0,27.2,1.5,306.0,200.0,7.4
2021-03-16 10:30:00+05:30,800.0,25.8,21.8,701.0,237.0,27.9
2021-03-17 16:45:00+05:30,,16.4,45.1,351.0,69.0,10.5
2021-03-17 18:00:00+05:30,600.0,19.7,25.0,355.0,67.0,8.1
2021-03-17 18:15:00+05:30,500.0,18.6,28.6,355.0,67.0,8.1
2021-03-17 19:30:00+05:30,1400.0,42.2,5.2,411.0,74.0,7.8
2021-03-18 00:00:00+05:30,2700.0,36.5,1.4,609.0,135.0,8.1
2021-03-18 08:15:00+05:30,1500.0,33.2,1.6,708.0,250.0,8.9
2021-03-18 15:45:00+05:30,200.0,18.1,57.4,344.0,88.0,
2021-03-18 16:00:00+05:30,200.0,20.0,57.3,344.0,88.0,9.7
2021-03-18 17:30:00+05:30,500.0,16.5,39.6,361.0,77.0,10.5
2021-03-18 18:15:00+05:30,800.0,30.0,29.3,327.0,69.0,9.8
2021-03-18 21:15:00+05:30,4400.0,41.2,1.4,1201.0,188.0,10.4
2021-03-18 21:45:00+05:30,5000.0,42.9,1.6,864.0,179.0,11.0
2021-03-18 22:30:00+05:30,3700.0,40.3,1.0,864.0,179.0,9.3
2021-03-19 15:00:00+05:30,200.0,19.7,48.7,207.0,50.0,8.7
2021-03-19 18:30:00+05:30,800.0,26.2,21.8,240.0,63.0,8.2
2021-03-19 18:45:00+05:30,1000.0,32.2,21.4,269.0,58.0,8.0
2021-03-19 19:15:00+05:30,1600.0,48.4,5.2,269.0,58.0,7.9
2021-03-19 19:30:00+05:30,1800.0,48.6,1.6,269.0,58.0,7.9
2021-03-19 19:45:00+05:30,2400.0,48.3,1.2,384.0,70.0,
2021-03-20 03:00:00+05:30,900.0,30.0,0.5,299.0,128.0,9.4
2021-03-20 03:15:00+05:30,1000.0,31.2,0.6,299.0,128.0,10.1
2021-03-20 03:30:00+05:30,1000.0,31.1,0.4,299.0,128.0,11.2
2021-03-20 04:00:00+05:30,800.0,28.0,0.9,462.0,266.0,13.8
2021-03-20 06:15:00+05:30,700.0,25.9,1.2,266.0,128.0,9.1
2021-03-20 07:45:00+05:30,900.0,29.8,3.7,403.0,136.0,
2021-03-20 09:15:00+05:30,600.0,20.5,18.5,445.0,169.0,15.4
2021-03-20 09:45:00+05:30,500.0,19.3,24.5,503.0,130.0,15.6
2021-03-20 10:15:00+05:30,600.0,25.5,27.9,503.0,130.0,15.9
2021-03-20 12:15:00+05:30,400.0,18.9,48.5,263.0,70.0,11.7
2021-03-20 13:15:00+05:30,300.0,12.9,45.6,268.0,66.0,8.9
2021-03-21 11:15:00+05:30,500.0,25.6,43.7,279.0,56.0,8.2
2021-03-21 14:30:00+05:30,300.0,14.1,53.8,216.0,41.0,5.7
2021-03-21 20:30:00+05:30,1000.0,32.0,28.0,261.0,63.0,7.4
2021-03-21 21:15:00+05:30,1200.0,33.3,24.2,265.0,77.0,7.9
2021-03-21 23:00:00+05:30,1100.0,42.4,8.0,301.0,97.0,7.5
2021-03-22 00:15:00+05:30,1300.0,50.0,1.3,262.0,96.0,8.4
2021-03-22 00:30:00+05:30,1200.0,51.3,1.0,262.0,96.0,8.6
2021-03-22 01:15:00+05:30,1000.0,49.1,,267.0,92.0,8.2
2021-03-22 01:45:00+05:30,900.0,42.6,4.3,230.0,97.0,8.0
2021-03-22 02:15:00+05:30,,,20.6,230.0,97.0,
2021-03-22 02:45:00+05:30,600.0,18.9,26.4,407.0,92.0,9.0
2021-03-22 03:30:00+05:30,400.0,14.5,21.1,407.0,92.0,7.8
2021-03-22 04:15:00+05:30,400.0,17.0,16.9,202.0,55.0,7.8
2021-03-22 07:00:00+05:30,400.0,18.7,13.0,143.0,39.0,5.9
2021-03-22 08:30:00+05:30,500.0,24.2,12.7,186.0,44.0,6.1
2021-03-22 15:15:00+05:30,400.0,20.2,45.9,257.0,52.0,6.3
2021-03-22 16:30:00+05:30,500.0,,,,,
2021-03-22 16:45:00+05:30,,24.8,40.0,229.0,48.0,7.9
2021-03-22 18:30:00+05:30,900.0,42.9,13.0,299.0,57.0,6.9
2021-03-22 20:45:00+05:30,1500.0,46.0,11.1,440.0,96.0,7.0
2021-03-22 21:45:00+05:30,1200.0,43.7,7.0,399.0,84.0,7.6
2021-03-23 01:30:00+05:30,1100.0,41.4,,328.0,107.0,6.4
2021-03-23 05:45:00+05:30,500.0,31.6,1.4,256.0,78.0,8.3
2021-03-23 06:30:00+05:30,400.0,28.3,8.3,256.0,78.0,8.2
2021-03-23 07:15:00+05:30,500.0,24.1,5.4,206.0,62.0,8.0
2021-03-23 07:45:00+05:30,500.0,21.4,8.0,465.0,118.0,
2021-03-23 11:15:00+05:30,500.0,22.3,26.2,429.0,46.0,10.9
2021-03-23 14:30:00+05:30,300.0,17.5,19.7,343.0,40.0,6.2
2021-03-23 17:30:00+05:30,400.0,24.8,13.7,179.0,16.0,4.9
2021-03-23 23:15:00+05:30,800.0,35.2,0.5,279.0,39.0,4.9
2021-03-24 00:15:00+05:30,500.0,31.7,1.2,284.0,46.0,5.3
2021-03-24 01:30:00+05:30,400.0,31.5,,195.0,31.0,5.2
2021-03-24 06:30:00+05:30,700.0,24.6,0.5,163.0,45.0,4.4
2021-03-24 08:15:00+05:30,400.0,21.6,8.4,367.0,67.0,5.7
2021-03-24 09:00:00+05:30,1200.0,30.4,17.6,359.0,95.0,31.4
2021-03-24 10:45:00+05:30,,26.8,42.2,310.0,135.0,22.1
2021-03-24 19:30:00+05:30,600.0,18.8,27.6,213.0,35.0,9.5
2021-03-24 22:15:00+05:30,500.0,18.9,21.6,222.0,85.0,9.8
2021-03-25 01:15:00+05:30,300.0,14.1,,166.0,67.0,6.7
2021-03-25 04:45:00+05:30,,23.4,0.8,257.0,127.0,6.0
2021-03-25 05:15:00+05:30,600.0,21.6,1.8,257.0,127.0,5.9
2021-03-25 07:00:00+05:30,900.0,23.2,1.6,334.0,147.0,5.5
2021-03-25 08:15:00+05:30,900.0,24.2,4.2,410.0,194.0,10.1
2021-03-25 08:45:00+05:30,700.0,19.6,9.6,460.0,208.0,16.5
2021-03-25 10:15:00+05:30,400.0,19.2,23.2,338.0,113.0,15.8
2021-03-25 13:30:00+05:30,100.0,20.9,40.6,207.0,22.0,0.0
2021-03-25 16:30:00+05:30,100.0,15.8,33.7,175.0,27.0,6.9
2021-03-25 17:00:00+05:30,400.0,15.3,31.4,171.0,23.0,6.6
2021-03-25 21:30:00+05:30,1000.0,31.3,10.4,302.0,61.0,6.8
2021-03-25 22:15:00+05:30,600.0,23.6,18.9,233.0,58.0,6.7
2021-03-26 02:30:00+05:30,,,22.6,139.0,86.0,
2021-03-26 03:15:00+05:30,500.0,26.0,1.9,168.0,100.0,
2021-03-26 04:15:00+05:30,700.0,24.8,0.1,207.0,119.0,7.1
2021-03-26 04:45:00+05:30,,26.1,0.6,309.0,221.0,8.2
2021-03-26 05:00:00+05:30,800.0,26.3,1.0,309.0,221.0,10.0
2021-03-26 06:15:00+05:30,800.0,24.0,1.3,339.0,228.0,11.7
2021-03-26 07:15:00+05:30,1000.0,25.2,1.6,410.0,227.0,14.0
2021-03-26 09:15:00+05:30,700.0,21.1,16.9,543.0,204.0,25.0
2021-03-26 09:45:00+05:30,700.0,23.0,22.5,499.0,136.0,23.5
2021-03-26 10:15:00+05:30,500.0,23.1,26.6,499.0,136.0,20.9
2021-03-26 13:15:00+05:30,500.0,15.7,54.2,182.0,51.0,11.3
2021-03-26 16:45:00+05:30,,15.5,48.2,173.0,40.0,9.5
2021-03-27 06:45:00+05:30,800.0,30.3,1.0,383.0,163.0,
2021-03-28 17:30:00+05:30,400.0,23.3,45.3,205.0,39.0,6.5
2021-04-07 13:15:00+05:30,500.0,17.4,80.1,289.0,88.0,4.6
2021-04-08 04:15:00+05:30,200.0,15.8,28.0,92.0,41.0,5.7
2021-04-08 19:30:00+05:30,1200.0,54.4,4.9,211.0,25.0,1.2
2021-04-09 09:15:00+05:30,600.0,33.3,40.9,251.0,63.0,6.9
2021-04-09 10:15:00+05:30,400.0,23.9,54.7,235.0,55.0,8.4
2021-04-10 09:15:00+05:30,500.0,32.7,25.2,475.0,130.0,15.4
2021-04-10 18:30:00+05:30,800.0,45.8,14.1,125.0,23.0,2.3
2021-04-13 01:15:00+05:30,600.0,29.6,,251.0,80.0,6.1
2021-04-13 05:00:00+05:30,700.0,31.6,0.6,285.0,105.0,6.4
2021-04-13 22:00:00+05:30,1600.0,48.6,0.0,458.0,94.0,4.9
2021-04-14 02:15:00+05:30,,,21.1,218.0,80.0,
2021-04-15 03:15:00+05:30,700.0,32.5,0.8,250.0,99.0,21.4
2021-04-15 06:45:00+05:30,900.0,32.7,0.7,403.0,99.0,8.5
2021-04-15 08:15:00+05:30,500.0,19.3,15.7,370.0,94.0,3.5
2021-04-16 05:45:00+05:30,800.0,28.0,2.1,521.0,226.0,15.2
2021-04-22 03:30:00+05:30,300.0,13.5,16.4,97.0,36.0,3.3
2021-04-22 09:30:00+05:30,400.0,10.4,40.5,210.0,64.0,7.0
2021-04-23 06:15:00+05:30,300.0,18.0,24.0,127.0,56.0,2.7
2021-04-23 06:30:00+05:30,300.0,17.0,21.8,127.0,56.0,2.5
2021-04-23 07:00:00+05:30,400.0,13.3,26.8,123.0,50.0,3.1
2021-04-24 17:15:00+05:30,100.0,10.1,55.0,118.0,16.0,1.5
2021-05-05 07:45:00+05:30,500.0,8.9,24.9,244.0,81.0,
2021-05-05 15:15:00+05:30,200.0,6.0,67.5,128.0,41.0,3.0
2021-05-05 16:30:00+05:30,300.0,4.4,76.3,139.0,47.0,3.5
2021-05-05 19:30:00+05:30,800.0,16.6,48.2,191.0,59.0,4.9
2021-05-09 04:30:00+05:30,400.0,8.8,32.1,118.0,45.0,2.1
2021-05-09 05:30:00+05:30,500.0,13.5,25.4,111.0,52.0,2.1
2021-05-10 07:15:00+05:30,500.0,9.7,31.4,122.0,53.0,1.9
2021-05-12 08:30:00+05:30,400.0,7.2,31.1,110.0,38.0,2.9
2021-05-14 22:30:00+05:30,400.0,4.2,43.7,101.0,29.0,1.8
2021-05-16 18:45:00+05:30,,11.6,66.9,123.0,46.0,2.5
2021-05-17 08:00:00+05:30,,33.3,21.4,403.0,179.0,8.4
2021-05-17 12:45:00+05:30,600.0,7.5,81.3,172.0,83.0,6.1
2021-05-17 14:15:00+05:30,600.0,12.1,80.9,151.0,,5.6
2021-05-18 07:15:00+05:30,300.0,12.2,11.0,64.0,14.0,1.5
2021-05-18 11:30:00+05:30,400.0,12.8,21.1,141.0,25.0,2.1
2021-05-19 23:45:00+05:30,300.0,5.8,12.6,12.0,8.0,
2021-05-20 00:15:00+05:30,300.0,5.0,11.8,12.0,8.0,0.2
2021-05-20 13:30:00+05:30,400.0,7.6,29.0,89.0,48.0,1.0
2021-05-25 23:30:00+05:30,500.0,24.5,26.5,204.0,56.0,2.9
2021-05-26 01:15:00+05:30,500.0,24.8,,146.0,68.0,2.4
2021-05-28 21:15:00+05:30,700.0,20.8,22.6,182.0,45.0,0.6
2021-05-29 09:00:00+05:30,500.0,12.0,23.7,102.0,9.0,1.5
2021-06-01 03:45:00+05:30,400.0,6.2,29.5,13.0,8.0,
2021-06-02 22:30:00+05:30,300.0,13.7,27.1,100.0,24.0,1.1
2021-06-03 14:15:00+05:30,400.0,11.3,99.0,155.0,42.0,3.4
2021-06-05 10:30:00+05:30,400.0,14.8,66.2,97.0,34.0,2.8
2021-06-05 23:15:00+05:30,500.0,24.4,9.9,160.0,59.0,0.6
2021-06-06 13:30:00+05:30,300.0,12.2,50.7,234.0,39.0,2.4
2021-06-07 07:30:00+05:30,700.0,26.7,8.3,301.0,140.0,2.0
2021-06-07 11:45:00+05:30,500.0,12.5,29.9,162.0,38.0,
2021-06-07 13:15:00+05:30,400.0,9.9,38.2,171.0,35.0,2.9
2021-06-07 14:15:00+05:30,400.0,10.8,40.2,146.0,34.0,2.8
2021-06-07 17:30:00+05:30,600.0,31.0,46.1,144.0,36.0,2.2
2021-06-07 18:15:00+05:30,800.0,31.3,40.1,169.0,40.0,2.1
2021-06-07 18:30:00+05:30,700.0,20.6,49.3,169.0,40.0,1.9
2021-06-07 19:15:00+05:30,1600.0,54.5,14.1,174.0,41.0,1.8
2021-06-07 21:15:00+05:30,1500.0,46.1,14.7,263.0,67.0,1.6
2021-06-08 02:30:00+05:30,,,5.4,221.0,74.0,
2021-06-08 13:15:00+05:30,300.0,12.2,22.7,277.0,33.0,1.6
2021-06-19 23:30:00+05:30,400.0,7.5,2.5,30.0,24.0,1.4
2021-06-26 00:15:00+05:30,400.0,16.1,17.2,89.0,25.0,0.5
2021-06-26 22:30:00+05:30,1600.0,35.6,0.9,290.0,62.0,1.3
2021-06-29 00:45:00+05:30,,,17.9,,,
2021-06-29 01:15:00+05:30,800.0,24.4,,216.0,95.0,3.0
2021-06-29 13:45:00+05:30,500.0,11.6,59.7,210.0,44.0,3.5
2021-06-30 02:15:00+05:30,,,2.7,368.0,129.0,
2021-07-01 03:45:00+05:30,300.0,7.2,15.5,114.0,22.0,
2021-07-01 05:30:00+05:30,300.0,8.4,11.4,145.0,23.0,2.7
2021-07-03 10:00:00+05:30,700.0,23.9,18.7,234.0,40.0,2.6
2021-07-03 17:00:00+05:30,500.0,15.9,26.4,300.0,55.0,3.1
2021-07-04 02:30:00+05:30,,,2.9,128.0,34.0,
2021-07-05 09:15:00+05:30,500.0,19.9,20.4,169.0,50.0,3.0
2021-07-08 10:15:00+05:30,300.0,9.1,21.9,338.0,45.0,2.6
2021-07-08 10:45:00+05:30,,6.0,25.9,254.0,42.0,2.4
2021-07-08 12:30:00+05:30,400.0,9.3,30.0,241.0,40.0,1.7
2021-07-08 14:15:00+05:30,400.0,9.1,,208.0,36.0,1.7
2021-07-10 04:15:00+05:30,400.0,7.9,10.8,85.0,45.0,2.4
2021-07-15 19:45:00+05:30,600.0,15.1,8.9,123.0,52.0,
2021-07-18 13:45:00+05:30,700.0,13.4,15.3,101.0,,2.3
2021-07-18 15:15:00+05:30,700.0,17.9,26.2,139.0,105.0,2.2
2021-07-19 20:45:00+05:30,1000.0,24.2,0.5,23.0,24.0,3.1
2021-07-19 22:15:00+05:30,800.0,31.9,,30.0,25.0,2.8
2021-07-20 14:15:00+05:30,1000.0,20.9,15.9,151.0,94.0,3.2
2021-07-20 17:15:00+05:30,500.0,14.1,8.0,138.0,46.0,2.5
2021-07-20 18:15:00+05:30,300.0,9.1,12.4,14.0,9.0,2.7
2021-07-20 19:15:00+05:30,500.0,11.7,9.8,7.0,8.0,3.0
2021-07-21 02:45:00+05:30,800.0,20.9,3.4,35.0,14.0,2.1
2021-07-21 03:15:00+05:30,800.0,19.0,2.6,35.0,14.0,1.9
2021-07-22 02:45:00+05:30,100.0,5.3,8.6,23.0,9.0,4.1
2021-07-22 06:15:00+05:30,500.0,17.4,4.0,50.0,20.0,2.4
2021-07-22 09:30:00+05:30,700.0,15.4,7.9,117.0,58.0,2.7
2021-07-22 10:30:00+05:30,700.0,12.6,13.9,114.0,53.0,2.8
2021-07-22 11:15:00+05:30,600.0,10.5,23.2,100.0,59.0,2.8
2021-07-22 14:15:00+05:30,600.0,13.9,18.8,64.0,28.0,2.6
2021-08-25 22:15:00+05:30,900.0,34.7,6.3,191.0,34.0,2.0
2021-09-01 20:30:00+05:30,1700.0,20.0,4.1,53.0,35.0,2.8
2021-09-01 20:45:00+05:30,1500.0,20.0,4.1,62.0,41.0,2.9
2021-09-01 21:15:00+05:30,1300.0,18.3,3.6,62.0,41.0,2.6
2021-09-01 21:45:00+05:30,1200.0,16.1,3.5,55.0,35.0,2.8
2021-09-01 22:15:00+05:30,1400.0,14.4,3.4,55.0,35.0,2.9
2021-09-02 02:45:00+05:30,1000.0,13.6,3.6,56.0,33.0,3.0
2021-09-02 03:45:00+05:30,700.0,13.5,3.3,57.0,38.0,
2021-09-02 04:15:00+05:30,700.0,12.8,3.6,57.0,38.0,2.7
2021-09-02 05:15:00+05:30,600.0,9.5,3.8,62.0,33.0,2.8
2021-09-02 05:45:00+05:30,500.0,9.7,3.9,69.0,41.0,2.7
2021-09-02 06:45:00+05:30,400.0,13.4,5.3,57.0,38.0,2.7
2021-09-02 07:15:00+05:30,400.0,12.9,5.6,57.0,38.0,2.5
2021-09-02 08:15:00+05:30,500.0,10.7,9.4,18.0,8.0,2.4
2021-09-02 08:45:00+05:30,500.0,10.6,9.4,5.0,7.0,2.5
2021-09-02 09:45:00+05:30,800.0,18.5,6.4,7.0,9.0,2.5
2021-09-02 10:45:00+05:30,700.0,14.3,11.6,28.0,23.0,2.9
2021-09-02 11:45:00+05:30,700.0,12.5,23.7,34.0,20.0,
2021-09-02 18:15:00+05:30,1300.0,27.2,16.0,85.0,28.0,2.2
2021-09-02 20:15:00+05:30,1500.0,33.9,3.7,186.0,40.0,2.5
2021-09-02 21:45:00+05:30,900.0,21.7,4.5,155.0,39.0,2.8
2021-09-02 22:15:00+05:30,700.0,20.2,4.5,155.0,39.0,2.6
2021-09-02 23:15:00+05:30,600.0,23.3,3.0,105.0,30.0,2.1
2021-09-03 04:45:00+05:30,300.0,8.4,6.6,13.0,9.0,3.1
2021-09-03 05:45:00+05:30,400.0,16.2,3.5,28.0,24.0,3.4
2021-09-03 07:15:00+05:30,800.0,14.9,3.8,31.0,19.0,3.5
2021-09-03 16:45:00+05:30,600.0,12.7,11.5,,22.0,2.7
2021-09-03 20:30:00+05:30,1200.0,22.6,6.2,,27.0,2.5
2021-09-04 03:15:00+05:30,600.0,16.7,2.8,,13.0,3.2
2021-09-04 13:45:00+05:30,600.0,14.3,13.3,,14.0,2.8
2021-09-05 07:45:00+05:30,600.0,15.0,7.4,,45.0,
2021-09-05 09:45:00+05:30,600.0,9.4,23.9,,31.0,2.1
2021-09-06 06:45:00+05:30,1400.0,23.2,4.5,,58.0,2.4
2021-09-06 09:15:00+05:30,500.0,12.9,15.1,,64.0,2.7
2021-09-06 10:45:00+05:30,400.0,9.3,15.7,,24.0,2.4
2021-09-06 11:45:00+05:30,500.0,13.3,16.1,,,2.7
2021-09-06 17:15:00+05:30,600.0,15.8,44.4,,,1.9
2021-09-07 02:45:00+05:30,500.0,10.2,10.1,,,2.3
2021-09-07 05:15:00+05:30,500.0,11.3,6.6,,,2.7
2021-09-07 05:45:00+05:30,600.0,14.4,5.0,,,2.6
2021-09-07 09:45:00+05:30,800.0,11.5,15.1,,,1.8
2021-09-09 05:45:00+05:30,400.0,8.0,8.3,,,2.2
2021-09-11 11:45:00+05:30,500.0,4.7,11.9,,,3.0
2021-09-13 05:15:00+05:30,900.0,7.4,1.7,,,1.9
2021-09-15 03:45:00+05:30,300.0,4.3,4.5,,,2.8
2021-09-15 05:15:00+05:30,300.0,7.2,2.4,,,2.6
2021-09-15 16:45:00+05:30,500.0,7.3,30.6,,,2.2
2021-09-15 17:15:00+05:30,700.0,12.0,23.7,,,2.7
2021-09-15 19:15:00+05:30,1100.0,29.0,2.9,,,2.9
2021-09-15 19:45:00+05:30,1800.0,29.1,1.7,,,2.9
2021-09-15 21:45:00+05:30,1900.0,22.1,0.9,,,1.7
2021-09-15 22:15:00+05:30,1600.0,24.5,0.8,,,1.7
2021-09-15 22:45:00+05:30,1300.0,19.0,,,,1.5
2021-09-15 23:45:00+05:30,700.0,16.2,0.9,,,1.1
2021-09-16 00:15:00+05:30,500.0,14.6,1.0,,,2.0
2021-09-16 00:45:00+05:30,600.0,13.5,0.2,,,2.4
2021-09-16 01:15:00+05:30,800.0,13.8,,,,2.4
2021-09-16 01:45:00+05:30,600.0,14.1,0.4,,,2.6
2021-09-16 02:15:00+05:30,,,0.7,,,
2021-09-16 04:15:00+05:30,700.0,9.3,0.8,,,2.5
2021-09-16 04:45:00+05:30,600.0,,0.8,,,2.2
2021-09-16 05:15:00+05:30,600.0,,0.6,,,2.4
2021-09-16 05:45:00+05:30,600.0,,0.4,,,2.2
2021-09-16 06:45:00+05:30,1000.0,,0.7,,,2.6
2021-09-16 07:15:00+05:30,800.0,,0.8,,,2.8
2021-09-16 07:45:00+05:30,700.0,,0.8,,,2.7
2021-09-16 08:15:00+05:30,600.0,,1.9,,,2.1
2021-09-16 08:45:00+05:30,500.0,,3.0,,,1.9
2021-09-16 09:45:00+05:30,600.0,,5.3,,,1.9
2021-09-16 10:15:00+05:30,700.0,,6.4,,,2.0
2021-09-16 10:45:00+05:30,500.0,,7.4,,,1.8
2021-09-16 11:15:00+05:30,300.0,,8.3,,,2.1
2021-09-16 14:45:00+05:30,600.0,,6.0,,,2.3
2021-09-16 16:15:00+05:30,900.0,,5.4,,,2.4
2021-09-16 22:15:00+05:30,700.0,,1.1,,,2.0
2021-09-16 22:45:00+05:30,600.0,,,,,2.0
2021-09-16 23:15:00+05:30,500.0,,,,,1.7
2021-09-17 11:15:00+05:30,600.0,,,,,2.0
2021-09-17 12:15:00+05:30,600.0,,,,,2.4
2021-09-17 12:45:00+05:30,600.0,,,,,2.7
2021-09-17 13:45:00+05:30,700.0,,,,,2.7
2021-09-17 14:45:00+05:30,600.0,,,,,2.8
2021-09-17 15:15:00+05:30,600.0,,,,,2.5
2021-09-17 15:45:00+05:30,600.0,,,,,2.6
2021-09-17 16:45:00+05:30,500.0,,,,,2.0
2021-09-17 17:15:00+05:30,500.0,,,,,2.2
2021-09-17 18:15:00+05:30,900.0,,,,,2.5
2021-09-17 18:45:00+05:30,800.0,,,,,2.3
2021-09-17 20:15:00+05:30,1300.0,,,,,2.4
2021-09-17 20:45:00+05:30,1300.0,,,,,2.2
2021-09-17 21:15:00+05:30,1000.0,,,,,2.3
2021-09-17 21:45:00+05:30,900.0,,,,,2.2
2021-09-17 22:15:00+05:30,900.0,,,,,2.1
2021-09-17 23:15:00+05:30,900.0,,,,,2.3
2021-09-18 01:15:00+05:30,500.0,,,,,1.7
2021-09-18 01:45:00+05:30,400.0,,,,,1.8
2021-09-18 04:45:00+05:30,300.0,,,,,2.4
2021-09-18 05:15:00+05:30,300.0,,,,,2.5
2021-09-18 05:45:00+05:30,400.0,,,,,2.5
2021-09-18 07:15:00+05:30,600.0,,,,,2.5
2021-09-18 07:45:00+05:30,600.0,,,,,2.4
2021-09-18 09:45:00+05:30,600.0,,,,,2.4
2021-09-18 10:15:00+05:30,600.0,,,,,2.4
2021-09-18 10:45:00+05:30,600.0,,,,,2.4
2021-09-18 11:15:00+05:30,600.0,,,,,2.5
2021-09-18 12:45:00+05:30,,,,,,2.6
2021-09-18 17:45:00+05:30,800.0,,,,,2.0
2021-09-18 19:15:00+05:30,1300.0,,,,,2.4
2021-09-18 20:15:00+05:30,1500.0,,,,,2.7
2021-09-18 20:45:00+05:30,1600.0,,,,,2.9
2021-09-18 21:15:00+05:30,1700.0,,,,,3.3
2021-09-18 21:45:00+05:30,1500.0,,,,,3.2
2021-09-18 22:45:00+05:30,1200.0,,,,,3.2
2021-09-19 06:15:00+05:30,500.0,,,,,2.2
2021-09-19 06:45:00+05:30,600.0,,,,,2.1
2021-09-19 07:15:00+05:30,600.0,,,,,2.0
2021-09-19 13:15:00+05:30,400.0,,,,,1.6
2021-09-19 13:45:00+05:30,400.0,,,,,
2021-09-19 14:15:00+05:30,400.0,,,,,
2021-09-19 14:45:00+05:30,500.0,,,,,
2021-09-19 15:15:00+05:30,400.0,,,,,
2021-09-19 16:15:00+05:30,400.0,,,,,
2021-09-19 16:45:00+05:30,500.0,,,,,
2021-09-19 17:15:00+05:30,600.0,,,,,
2021-09-19 17:45:00+05:30,600.0,,,,,
2021-09-19 18:15:00+05:30,800.0,,,,,
2021-09-20 09:15:00+05:30,700.0,,,,,
2021-09-20 09:45:00+05:30,600.0,,,,,
2021-09-20 10:15:00+05:30,600.0,,,,,
2021-09-20 12:45:00+05:30,400.0,,,,,
2021-09-20 13:45:00+05:30,500.0,,,,,
2021-09-20 15:45:00+05:30,500.0,,,,,
2021-09-20 16:15:00+05:30,500.0,,,,,
2021-09-20 17:15:00+05:30,700.0,,,,,
2021-09-20 17:45:00+05:30,700.0,,,,,
2021-09-20 19:45:00+05:30,1000.0,,,,,
2021-09-20 20:45:00+05:30,1200.0,,,,,
2021-09-20 21:15:00+05:30,1100.0,,,,,
2021-09-20 21:45:00+05:30,1100.0,,,,,
2021-09-21 03:15:00+05:30,600.0,,,,,
2021-09-21 05:15:00+05:30,500.0,,,,,
2021-09-21 05:45:00+05:30,500.0,,,,,
2021-09-21 06:15:00+05:30,600.0,,,,,
2021-09-21 06:45:00+05:30,800.0,,,,,
2021-09-21 07:15:00+05:30,700.0,,,,,
2021-09-21 07:45:00+05:30,700.0,,,,,
2021-09-21 08:15:00+05:30,700.0,,,,,
2021-09-21 08:45:00+05:30,700.0,,,,,
2021-09-21 09:15:00+05:30,700.0,,,,,
2021-09-21 10:15:00+05:30,600.0,,,,,
2021-09-21 10:45:00+05:30,500.0,,,,,
